scenario,rt,hour,prob_joint,price_da_buy_eur_mwh,price_da_sell_eur_mwh,price_sr_up_eur_mw_h,price_id_buy_eur_mwh,price_id_sell_eur_mwh,price_bal_deficit_eur_mwh,price_bal_surplus_eur_mwh,rho,rt_load_rel_dev,p_da_buy_mw,p_da_sell_mw,p_id_buy_mw,p_id_sell_mw,p_mt_mw,p_mt_rt_mw,p_bess_ch_mw,p_bess_dis_mw,soc_path_mwh,r_mt_mw,r_bess_dis_mw,r_bess_ch_mw,r_dr_mw,r_total_mw,load_rt_mw,imb_deficit_mw,imb_surplus_mw,p_phys_import_mw,rev_da_eur,rev_id_eur,rev_sr_eur,rev_act_eur,cost_bal_eur,cost_mt_eur,cost_bess_eur,cost_dr_eur,profit_hour_eur
0,0,0,0.1111111111111111,117.55242898436306,64.64985381304655,16.104083033506676,115.43758134388737,63.48675925196515,144.18626850357992,50.002144307813296,0.2504932271013454,0.001025783017595525,0.0,0.0,0.0,0.0,20.0,20.0,17.49743554245601,0.0,30.49155715794274,0.0,0.0,17.49743554245601,0.0,17.49743554245601,2.502564457543989,0.0,8.881784197001252e-16,-4.382989095027587,0.0,0.0,281.7801548491425,283.35960425771066,-4.4410825512931226e-14,1057.3390000000002,459.00562565999485,0.0,-951.2048665531419
0,0,1,0.1111111111111111,122.91729684036481,67.60034939713152,11.374686786310535,100.18024053392459,55.09573865407404,158.42694830655472,48.071243992199506,0.004949868974911665,0.0332494107779964,0.0,22.38587899073167,0.0,0.0,25.0,25.0,0.0,0.0,30.422269147277046,0.0,13.298051012266557,0.0,0.0,13.298051012266557,2.6141210092683305,0.0,0.0,-22.45170260086408,1513.293241335367,0.0,151.26116513291186,4.449699043531543,0.0,1229.1390000000001,2.3038263546343813,0.0,437.5612791571759
0,0,2,0.1111111111111111,63.44764591003819,34.895250001410645,7.5750109847748925,60.577265159983476,33.316583804489554,85.57572345422669,22.725140505939308,0.12502051138501583,0.049342952352860216,261.72999999999996,0.0,100.0,0.0,25.0,25.0,0.0,0.0,30.422269147277046,0.0,0.0,0.0,0.0,0.0,405.8123999634216,19.082399963421665,0.0,380.8123999634216,-16606.152364034293,-6057.726515998347,0.0,0.0,1632.990182112718,1229.1390000000001,0.0,0.0,-25526.008062145356
0,0,3,0.1111111111111111,57.84384166462652,31.813242035664057,7.635598884863131,57.435749258060845,31.58879735617228,81.50430135557633,18.800345430569255,0.06142005538796439,0.017358401568812108,162.57999999999998,0.0,100.0,0.0,25.0,25.0,40.00000000000001,0.0,60.456827374862186,0.0,0.0,40.0,0.0,40.0,251.87759306040647,4.297593060406484,0.0,264.4207908448879,-9404.251777834977,-5743.574925806084,305.42395539452525,78.15884351604814,350.27231989900366,1229.1390000000001,1314.01192245685,0.0,-17657.667147086344
0,0,4,0.1111111111111111,82.33672364246883,45.28705745962801,9.325916675355044,82.82102413515297,45.55343366783312,94.6103155232517,38.53630474380897,0.1667718405481244,0.003263772674732535,10.533646504145786,0.0,0.0,0.0,24.99999999999995,24.99999999999995,0.0,0.0,60.456827374862186,0.0,0.0,0.0,3.265,3.265,35.76635349585421,0.23270699170847564,0.0,10.221843436464635,-867.3059411593094,0.0,30.44911794503422,24.659258346923462,22.0164819100056,1229.1389999999974,0.0,81.67650890844394,-2145.0295556857986
0,0,5,0.1111111111111111,75.96485958539016,41.78238832886579,10.242947056801386,66.99781441864691,36.850310979361915,99.62793992273842,28.767159746749332,0.07908553867010548,-0.010698957027962685,40.77391269506979,0.0,2.7660873049302026,0.0,25.0,25.0,0.0,0.0,60.456827374862186,0.0,0.0,0.0,0.0,0.0,67.80669348530343,0.0,0.7333065146965652,42.80669348530343,-3097.3845526279338,-185.3218039214889,0.0,0.0,-21.095145651608078,1229.1390000000001,0.0,0.0,-4490.750210897815
0,0,6,0.1111111111111111,118.59584539728094,65.22369749406694,13.765348489453629,113.7839179870652,62.57730042411936,151.18396025580284,47.30133825531006,0.25059385894202785,0.007254058364949432,0.0,4.986539460143091,0.0,0.0,21.666666666666664,22.501979529806757,0.0,0.0,50.78478369639795,3.3333333333333335,36.666666666666664,0.0,1.3060000000000012,41.306000000000004,16.680127206523572,0.0,8.881784197001252e-16,-15.337569397602493,325.24054129060085,0.0,568.5914847053716,675.1324453928828,-4.2012027861302365e-14,1099.6416188251824,321.5954523089357,49.0913369667433,98.63606328799376
0,0,7,0.1111111111111111,143.70063356486392,79.03048055303407,19.31569886536714,132.45602132100862,72.84632473396256,177.09140664865015,60.66668648070109,0.059586059278924325,0.003006888481874837,0.0,21.228694099308107,0.0,0.0,24.999999999999957,24.999999999999957,0.0,0.0,48.27589698991693,0.0,40.0,0.0,0.0,40.0,3.771305900691849,0.0,0.0,-23.61213647046508,1677.7138961816784,0.0,772.6279546146856,188.36459596299858,0.0,1229.1389999999978,83.42048299049407,0.0,1326.1469637688704
0,0,8,0.1111111111111111,163.74888175400017,90.06558299726004,25.681606303887506,152.99833918825445,84.15254180058575,192.6835423157453,74.15086624068137,0.038437866446158854,0.019729387879281954,0.0,0.0,0.0,20.92108244848287,25.0,25.0,0.0,0.0,46.6574605079734,0.0,40.0,0.0,0.0,40.0,4.078917551517128,0.0,0.0,-22.458597106329226,0.0,1760.5622652594557,1027.2642521555003,138.47715402576466,0.0,1229.1390000000001,53.81301302462239,0.0,1643.3516584160982
0,0,9,0.1111111111111111,160.6284265965173,88.34926218966076,16.50556838607044,174.29786059627065,95.86775959399664,216.60627292798773,57.56018252834725,0.09242657742381544,-0.03249816244780945,0.0,0.0,0.0,20.653182736094724,25.0,25.0,0.0,0.0,42.76581514276012,0.0,40.0,0.0,0.0,40.0,4.073182736094722,0.0,0.27363452781055386,-24.623880360857896,0.0,1979.9743573948108,660.2227354428176,326.632796884386,-15.750453366833591,1229.1390000000001,129.3972083933416,0.0,1624.0441346955065
0,0,10,0.1111111111111111,189.73746069898127,104.35988833160997,23.24303498689743,177.29917444216665,97.5185499895883,220.79450249740972,87.27781396393326,0.08208145630267706,0.018098273124102827,0.0,20.55091054644767,0.0,0.0,25.0,25.0,0.0,0.0,39.30975382475266,0.0,40.0,0.0,0.0,40.0,4.44908945355233,0.0,0.0,-23.834168798554753,2144.6907297401845,0.0,929.7213994758972,342.64046455373204,0.0,1229.1390000000001,114.91403882374789,0.0,2072.999554946066
0,0,11,0.1111111111111111,185.9909607688878,102.2992287607557,19.940902474395322,184.91501443906608,101.70743398065616,238.68421020315287,73.31675157079351,0.043665361673693406,0.008544592030726801,0.0,20.49180567362265,0.0,0.0,25.0,25.0,0.0,0.0,37.47121228059715,0.0,40.0,0.0,0.0,40.0,4.508194326377349,0.0,0.0,-22.238420140570387,2096.295916326875,0.0,797.636098975813,178.67731291113185,0.0,1229.1390000000001,61.13150634317076,0.0,1782.3388218706496
0,0,12,0.1111111111111111,67.16470643011831,36.93957732448393,8.103840245219896,71.85851361532985,39.52110060776875,90.8869687438303,23.892690207352057,0.047664342281770765,0.021455838097015588,272.35280911330267,0.0,70.53086855412431,0.0,25.0,25.0,0.0,0.0,35.464292605575224,0.0,40.0,0.0,37.145,77.14500000000001,384.01632233257294,16.13264466514596,0.0,355.33925664724575,-18292.496469513026,-5068.243378297582,625.170755717489,135.82925221035083,1466.2471714364415,1229.1390000000001,66.73007919447907,265.5737991084563,-25627.429889622144
0,0,13,0.1111111111111111,57.498885417593584,31.62352129335582,5.333795690609727,54.70075593330543,30.084592204812516,66.0031726450322,26.946291356313775,0.10329398822821467,0.009595910842765487,326.6518963991772,0.0,9.523439651419153,0.0,25.0,25.0,0.8366162925196186,0.0,36.13358563959092,0.0,0.0,0.0,0.0,0.0,367.3212802419234,6.982560483846669,0.0,343.157896534443,-18782.11996249594,-520.9393480178425,0.0,0.0,460.87114511971123,1229.1390000000001,29.28157023818665,0.0,-21022.35102587168
0,0,14,0.1111111111111111,117.01617133835727,64.35493027365278,12.258116466872318,115.60462751540389,63.57862898755359,142.55659474257246,50.308562591829165,0.10205168797276282,-0.0033408191041371877,0.0,1.9108859385062598,0.0,0.0,21.666666666666664,22.006838959909206,0.0,0.0,31.83667246179038,3.3333333333333335,40.0,0.0,1.5319999999999947,44.86533333333333,19.624219271839486,0.0,0.13156145632091842,-6.6210303929545065,122.9749313334739,0.0,549.9644813250488,294.6543895966163,-6.618667759993123,1073.9735316816932,142.87236316186795,23.451477896140815,-266.08490272456976
0,0,15,0.1111111111111111,130.4507021841554,71.74346713955836,14.753681776309378,131.18814652392675,72.14903654525578,151.50144795358617,60.1662700675154,0.03912960143415732,0.009110152343859769,0.0,17.412652633533533,0.0,0.005660291765479997,21.666666666666664,21.797098671447188,0.0,0.0,30.18911029614165,3.3333333333333357,40.0,0.0,0.0,43.333333333333336,4.248353741367649,0.0,3.552713678800501e-15,-19.113928987445835,1249.2440720264574,0.4083845974444267,639.3262103067398,121.64937523593754,-2.137535306712671e-13,1063.1005951278223,54.78144200782025,0.0,892.7460050309367
0,0,16,0.1111111111111111,144.10365127991267,79.2602625772871,20.287847864184656,144.37807548924508,79.41120208989528,181.16055658902906,58.87812778045942,0.04328714269473363,0.02525441606703857,0.0,0.0,0.0,20.898982335731844,25.0,25.0,0.0,0.0,28.36649376162655,0.0,40.0,0.0,0.0,40.0,4.101017664268154,0.0,0.0,-22.63046804352119,0.0,1659.6133097359532,811.5139145673862,137.23801184820329,0.0,1229.1390000000001,60.60199977262709,0.0,1318.6242363789156
0,0,17,0.1111111111111111,164.60071945048372,90.534112967853,24.344440918420663,148.7576085482888,81.82004417781332,226.563930404314,56.452947593405476,0.013689023714724783,0.010291932743580305,0.0,0.0,0.0,21.20130233288414,25.0,25.0,0.0,0.0,27.790113815743403,0.0,40.0,0.0,0.0,40.0,3.7986976671158614,0.0,0.0,-21.74886328147313,0.0,1734.6914935037569,973.7776367368265,49.57294477634049,0.0,1229.1390000000001,19.164633200614695,0.0,1509.7384418163094
0,0,18,0.1111111111111111,49.707327622621506,27.338281813525498,4.486995233098521,49.8512503200799,27.41743713026978,71.5076510748128,15.34843213408334,0.22260359943174834,0.002508291360463453,127.32770920141604,0.0,0.0,0.0,20.0,20.742011998105827,2.377709201416156,0.0,29.692281176876328,3.3333333333333335,0.0,0.0,0.0,3.3333333333333335,145.31357683269917,0.3635768326992803,0.0,126.9492740360095,-6329.120156712666,0.0,14.95665077699507,20.28533311323427,25.998525291545725,1008.4049019818062,83.21982204956547,0.0,-7411.501422145354
0,0,19,0.1111111111111111,54.483892597266106,29.96532063502154,5.466907499151866,60.54645871887636,33.299640725693365,62.12220290895826,25.764364963746107,0.048549987242141726,0.017961741475700264,186.66292949667812,0.0,0.0,0.0,21.666666666666664,21.828499957473802,0.0,0.0,28.795043342475065,3.3333333333333335,17.55666666666665,0.0,0.0,20.889999999999983,215.95040383665514,7.620807673310367,0.0,193.26952793650014,-10170.123002588067,0.0,114.20369765728238,30.39110487247753,473.4213606115327,1064.728437795442,29.833157993842025,0.0,-11593.511156459124
0,0,20,0.1111111111111111,89.16063758516736,49.035330325040384,11.935973315523915,78.52900800568968,43.18829420638116,107.0939604845098,39.17261022779024,0.16932984851625787,-0.01011113052131195,0.0,0.0,0.0,0.0,12.565782463685235,13.13021529207276,0.0,0.0,22.577810736845652,3.3333333333333335,34.880861390370015,0.0,0.9440000000000112,39.15819472370336,12.314217536315013,0.0,0.2515649273702216,-6.88221610810504,0.0,0.0,467.39116730621265,325.13617091745084,-9.854454846856052,635.6712581184888,206.722984137178,23.9771065499024,-63.98955573504972
0,0,21,0.1111111111111111,113.45839950183935,62.3982762842941,8.95927001822092,121.1448407313192,66.62555857970756,146.94701055283377,43.98067464429089,0.08112564370471623,-0.042411882402340666,0.0,0.0,0.0,22.091670848097465,25.0,25.0,0.0,0.0,20.00000000000002,0.0,30.18675831919446,0.0,0.0,30.18675831919446,2.67167084809747,0.0,0.23665830380506492,-24.77724935190588,0.0,1471.8699102135354,270.45131875643983,152.8083992379977,-10.40839186152031,1229.1390000000001,85.71220700011719,0.0,590.6868130693761
0,0,22,0.1111111111111111,54.664734721063894,30.064781080404458,5.86100616213204,55.01286792382761,30.256249100533314,75.64823090141412,18.524174102563542,0.2751171080224858,-0.015967564735415676,122.19157166687651,0.0,0.0,0.0,25.0,25.0,0.0,0.0,20.00000000000002,0.0,0.0,0.0,0.0,0.0,147.1915716668765,0.0,0.0,122.19157166687651,-6679.569850319672,0.0,0.0,0.0,0.0,1229.1390000000001,0.0,0.0,-7908.708850319672
0,0,23,0.1111111111111111,68.85655475821859,37.870068432967855,7.943106954152055,65.20315077757863,35.86075124819252,87.52984654535133,27.600039089638152,0.19868379985834408,-0.02567411860975851,84.8308218162022,0.0,100.0,0.0,25.0,25.0,0.0,0.0,20.00000000000002,0.0,0.0,0.0,0.0,0.0,209.8308218162022,0.0,2.842170943040401e-14,184.8308218162022,-5841.158127572012,-6520.315077757863,0.0,0.0,-7.844402912734879e-13,1229.1390000000001,0.0,0.0,-13590.612205329875
0,1,0,0.1111111111111111,117.55242898436306,64.64985381304655,16.104083033506676,115.43758134388737,63.48675925196515,140.0126205348316,52.2975093068861,0.07493832082254523,-0.001025783017595525,0.0,0.0,0.0,0.0,20.0,20.0,17.49743554245601,0.0,32.94896568336291,0.0,0.0,17.49743554245601,0.0,17.49743554245601,2.497435542456011,0.0,0.005128915087978747,-1.316357353340353,0.0,0.0,281.7801548491425,84.77072684852531,-0.26822948454779705,1057.3390000000002,566.5172486471272,0.0,-1257.0371374649117
0,1,1,0.1111111111111111,122.91729684036481,67.60034939713152,11.374686786310535,100.18024053392459,55.09573865407404,155.03337678549184,49.93759337039924,0.18992654090031835,-0.0332494107779964,0.0,22.38587899073167,0.0,0.0,25.0,25.0,0.0,0.0,30.290383757598946,0.0,13.298051012266557,0.0,0.0,13.298051012266557,2.445878990731669,0.0,0.1682420185366631,-25.079773838744096,1513.293241335367,0.0,151.26116513291186,170.7350137284155,-8.401601509499054,1229.1390000000001,88.39784903165175,0.0,526.1541726745413
0,1,2,0.1111111111111111,63.44764591003819,34.895250001410645,7.5750109847748925,60.577265159983476,33.316583804489554,78.5361776909939,26.596784690385174,0.02716495755152651,-0.049342952352860216,261.72999999999996,0.0,100.0,0.0,25.0,25.0,0.0,0.0,30.290383757598946,0.0,0.0,0.0,0.0,0.0,367.64760003657835,0.0,19.082399963421608,342.64760003657835,-16606.152364034293,-6057.726515998347,0.0,0.0,-507.53048320293846,1229.1390000000001,0.0,0.0,-23385.4873968297
0,1,3,0.1111111111111111,57.84384166462652,31.813242035664057,7.635598884863131,57.435749258060845,31.58879735617228,70.84879637777445,24.66071274220886,0.15900269457116495,-0.017358401568812108,162.57999999999998,0.0,100.0,0.0,25.0,25.0,40.00000000000001,0.0,57.202297531321676,0.0,0.0,40.0,0.0,40.0,243.28240693959347,0.0,4.297593060406484,251.92229915674693,-9404.251777834977,-5743.574925806084,305.42395539452525,202.33564826860953,-105.98170794559456,1229.1390000000001,1177.3962276003692,0.0,-16940.6206196327
0,1,4,0.1111111111111111,82.33672364246883,45.28705745962801,9.325916675355044,82.82102413515297,45.55343366783312,98.1236402513683,36.60389679996796,0.017773129402525373,-0.003263772674732535,10.533646504145786,0.0,0.0,0.0,24.99999999999995,24.99999999999995,0.0,0.0,57.202297531321676,0.0,0.0,0.0,3.265,3.265,35.533646504145786,4.973799150320701e-14,0.0,10.47561723664659,-867.3059411593094,0.0,30.44911794503422,2.6279747715784483,4.880472785086298e-12,1229.1389999999974,0.0,8.704390124886801,-2072.072238567586
0,1,5,0.1111111111111111,75.96485958539016,41.78238832886579,10.242947056801386,66.99781441864691,36.850310979361915,96.35709935739015,30.566195924912325,0.07644837899877159,0.010698957027962685,40.77391269506979,0.0,2.7660873049302026,0.0,25.0,25.0,0.0,0.0,57.202297531321676,0.0,0.0,0.0,0.0,0.0,69.27330651469656,0.7333065146965652,0.0,44.27330651469656,-3097.3845526279338,-185.3218039214889,0.0,0.0,70.65928869603842,1229.1390000000001,0.0,0.0,-4582.504645245461
0,1,6,0.1111111111111111,118.59584539728094,65.22369749406694,13.765348489453629,113.7839179870652,62.57730042411936,149.68288447358876,48.126879086077196,0.13617322793525327,-0.007254058364949432,0.0,4.986539460143091,0.0,0.0,21.666666666666664,22.120577426450843,0.0,0.0,51.94648873382067,3.3333333333333335,36.666666666666664,0.0,1.3060000000000012,41.306000000000004,16.439872793476447,0.0,0.24025441304712647,-10.851565226283789,325.24054129060085,0.0,568.5914847053716,366.86838520746875,-11.562695086615504,1079.8697337872118,174.75564251690835,26.67633535251614,-9.038605366579425
0,1,7,0.1111111111111111,143.70063356486392,79.03048055303407,19.31569886536714,132.45602132100862,72.84632473396256,177.10018943602964,60.66185624516227,0.06947259428666427,-0.003006888481874837,0.0,21.228694099308107,0.0,0.0,24.999999999999957,24.999999999999957,0.0,0.0,49.021326869119015,0.0,40.0,0.0,0.0,40.0,3.7486940993081506,0.0,0.022611801383700225,-24.030209672158378,1677.7138961816784,0.0,772.6279546146856,219.61810046964186,-1.3716738449821844,1229.1389999999978,97.26163200132999,0.0,1344.93099310966
0,1,8,0.1111111111111111,163.74888175400017,90.06558299726004,25.681606303887506,152.99833918825445,84.15254180058575,200.36663933223005,69.9249893699387,0.04330710186349843,-0.019729387879281954,0.0,0.0,0.0,20.92108244848287,25.0,25.0,0.0,0.0,47.19786994855066,0.0,40.0,0.0,0.0,40.0,3.9210824484828724,0.0,0.15783510303425885,-22.811201626057066,0.0,1760.5622652594557,1027.2642521555003,156.01917509030852,-11.03661790187373,1229.1390000000001,60.62994260889781,0.0,1665.1133677982405
0,1,9,0.1111111111111111,160.6284265965173,88.34926218966076,16.50556838607044,174.29786059627065,95.86775959399664,186.73858517153332,73.98808531309086,0.03049548375156934,0.03249816244780945,0.0,0.0,0.0,20.653182736094724,25.0,25.0,0.0,0.0,45.913849580063534,0.0,40.0,0.0,0.0,40.0,4.346817263905277,0.0,0.0,-21.8730020861575,0.0,1979.9743573948108,660.2227354428176,107.77013958271758,0.0,1229.1390000000001,42.69367725219708,0.0,1476.1345551681488
0,1,10,0.1111111111111111,189.73746069898127,104.35988833160997,23.24303498689743,177.29917444216665,97.5185499895883,228.93030824379602,82.80293706797033,0.04415855248502675,-0.018098273124102827,0.0,20.55091054644767,0.0,0.0,25.0,25.0,0.0,0.0,44.05454210700977,0.0,40.0,0.0,0.0,40.0,4.2909105464476704,0.0,0.15817890710465932,-22.4754315529534,2144.6907297401845,0.0,929.7213994758972,184.33526424891716,-13.097678090467431,1229.1390000000001,61.82197347903745,0.0,1980.8840980764287
0,1,11,0.1111111111111111,185.9909607688878,102.2992287607557,19.940902474395322,184.91501443906608,101.70743398065616,249.82832178368665,67.18723852779667,0.1346833878349857,-0.008544592030726801,0.0,20.49180567362265,0.0,0.0,25.0,25.0,0.0,0.0,38.3836626192209,0.0,40.0,0.0,0.0,40.0,4.431805673622651,0.0,0.07638865275469797,-25.955529839776776,2096.295916326875,0.0,797.636098975813,551.1202680961914,-5.132342633446925,1229.1390000000001,188.55674296898,0.0,2032.4888830633467
0,1,12,0.1111111111111111,67.16470643011831,36.93957732448393,8.103840245219896,71.85851361532985,39.52110060776875,82.32509588393194,28.601591375254596,0.11847455261755677,-0.021455838097015588,272.35280911330267,0.0,70.53086855412431,0.0,25.0,25.0,0.0,0.0,33.39526040374483,0.0,40.0,0.0,37.145,77.14500000000001,367.8836776674269,0.0,5.684341886080802e-14,333.7439583057455,-18292.496469513026,-5068.243378297582,625.170755717489,337.61737008491366,-1.625812238629271e-12,1229.1390000000001,165.8643736645795,660.110588546872,-24453.065684219655
0,1,13,0.1111111111111111,57.498885417593584,31.62352129335582,5.333795690609727,54.70075593330543,30.084592204812516,66.42125899576583,26.716350157995503,0.04710228267578343,-0.009595910842765487,326.6518963991772,0.0,9.523439651419153,0.0,25.0,25.0,0.8366162925196186,0.0,34.06455343776052,0.0,0.0,0.0,0.0,0.0,360.3387197580767,0.0,0.0,336.17533605059634,-18782.11996249594,-520.9393480178425,0.0,0.0,0.0,1229.1390000000001,29.28157023818665,0.0,-20561.47988075197
0,1,14,0.1111111111111111,117.01617133835727,64.35493027365278,12.258116466872318,115.60462751540389,63.57862898755359,158.7516102875551,41.401852653726394,0.021439245767380818,0.0033408191041371877,0.0,1.9108859385062598,0.0,0.0,21.666666666666664,21.7381308192246,0.0,0.0,33.161848352818176,3.3333333333333335,40.0,0.0,1.5319999999999947,44.86533333333333,19.755780728160406,1.7763568394002505e-15,0.0,-2.872764846275054,122.9749313334739,0.0,549.9644813250488,61.90165004115818,2.819995087001017e-13,1060.0437016686033,30.014944074333147,4.926738677344095,-360.14432172059975
0,1,15,0.1111111111111111,130.4507021841554,71.74346713955836,14.753681776309378,131.18814652392675,72.14903654525578,167.00433797817493,51.64020571964282,0.09960620164678567,-0.009110152343859769,0.0,17.412652633533533,0.0,0.005660291765479997,21.666666666666664,21.998687338822617,0.0,0.0,28.967903020321938,3.3333333333333357,40.0,0.0,0.0,43.333333333333336,4.17164625863235,0.0,0.07670748273530137,-21.811289146061693,1249.2440720264574,0.4083845974444267,639.3262103067398,309.66408437217035,-3.9611901886869125,1073.5509516445645,139.44868230549994,0.0,989.6043075414345
0,1,16,0.1111111111111111,144.10365127991267,79.2602625772871,20.287847864184656,144.37807548924508,79.41120208989528,208.92691770378937,43.6060021040821,0.018212851759111123,-0.02525441606703857,0.0,0.0,0.0,20.898982335731844,25.0,25.0,0.0,0.0,28.201046104148837,0.0,40.0,0.0,0.0,40.0,3.8989823357318456,0.0,0.20203532853631145,-21.8295317346326,0.0,1659.6133097359532,811.5139145673862,57.74221650833411,-8.809952961253316,1229.1390000000001,25.497992462755573,0.0,1283.042401310171
0,1,17,0.1111111111111111,164.60071945048372,90.534112967853,24.344440918420663,148.7576085482888,81.82004417781332,204.68490771092527,68.48690418097284,0.037990750073494735,-0.010291932743580305,0.0,0.0,0.0,21.20130233288414,25.0,25.0,0.0,0.0,26.60143557473853,0.0,40.0,0.0,0.0,40.0,3.7213023328841377,0.0,0.07739533423172418,-22.798327670055652,0.0,1734.6914935037569,973.7776367368265,137.5783543554897,-5.300566839582461,1229.1390000000001,53.18705010289263,0.0,1569.0220013327632
0,1,18,0.1111111111111111,49.707327622621506,27.338281813525498,4.486995233098521,49.8512503200799,27.41743713026978,60.0516998375191,21.649032837159808,0.032270836670495656,-0.002508291360463453,127.32770920141604,0.0,0.0,0.0,20.0,20.107569455568317,2.377709201416156,0.0,28.503602935871456,3.3333333333333335,0.0,0.0,0.0,3.3333333333333335,144.5864231673008,0.0,0.36357683269908136,126.85656291314864,-6329.120156712666,0.0,14.95665077699507,2.9407640908542105,-7.871086789932971,975.5154005766617,83.21982204956547,0.0,-7362.086877681112
0,1,19,0.1111111111111111,54.483892597266106,29.96532063502154,5.466907499151866,60.54645871887636,33.299640725693365,62.918282115665846,25.326533385591517,0.1052816145113913,-0.017961741475700264,186.66292949667812,0.0,0.0,0.0,21.666666666666664,22.017605381704634,0.0,0.0,26.5579248178662,3.3333333333333335,17.55666666666665,0.0,0.0,20.889999999999983,208.329596163345,2.2737367544323206e-13,0.0,184.46359656953538,-10170.123002588067,0.0,114.20369765728238,65.90371634499934,1.4305961057213118e-11,1074.5316629875683,64.69379742367471,0.0,-11129.241048997044
0,1,20,0.1111111111111111,89.16063758516736,49.035330325040384,11.935973315523915,78.52900800568968,43.18829420638116,120.86000766584776,31.601750607565915,0.07016056687505283,0.01011113052131195,0.0,0.0,0.0,0.0,12.565782463685235,12.79965101993541,0.0,0.0,23.981860598667776,3.3333333333333335,34.880861390370015,0.0,0.9440000000000112,39.15819472370336,12.565782463685256,2.1316282072803006e-14,0.0,-2.747361139618709,0.0,0.0,467.39116730621265,134.71776100338383,2.5762860147263443e-12,619.646658567532,85.65413528834763,9.934736269507598,-113.12660181579339
0,1,21,0.1111111111111111,113.45839950183935,62.3982762842941,8.95927001822092,121.1448407313192,66.62555857970756,172.07367509706654,30.161860319236055,0.0840582844297553,0.042411882402340666,0.0,0.0,0.0,22.091670848097465,25.0,25.0,0.0,0.0,21.31086363360764,0.0,30.18675831919446,0.0,0.0,30.18675831919446,2.9083291519025307,0.0,3.552713678800501e-15,-24.629117964904598,0.0,1471.8699102135354,270.45131875643983,158.33232625131677,-1.0715645373421998e-13,1229.1390000000001,88.81064908824955,0.0,582.7039061330423
0,1,22,0.1111111111111111,54.664734721063894,30.064781080404458,5.86100616213204,55.01286792382761,30.256249100533314,64.87755637484292,24.447882932067394,0.0722370421169653,0.015967564735415676,122.19157166687651,0.0,0.0,0.0,25.0,25.0,0.0,0.0,21.31086363360764,0.0,0.0,0.0,0.0,0.0,151.96842833312346,4.7768566662469425,0.0,126.96842833312346,-6679.569850319672,0.0,0.0,0.0,309.91078765898027,1229.1390000000001,0.0,0.0,-8218.619637978652
0,1,23,0.1111111111111111,68.85655475821859,37.870068432967855,7.943106954152055,65.20315077757863,35.86075124819252,82.40951201052528,30.41614599354053,0.03377370501876243,0.02567411860975851,84.8308218162022,0.0,100.0,0.0,25.0,25.0,0.0,0.0,21.31086363360764,0.0,0.0,0.0,0.0,0.0,220.88917818379736,11.058356367595138,0.0,195.88917818379736,-5841.158127572012,-6520.315077757863,0.0,0.0,911.3137518920003,1229.1390000000001,0.0,0.0,-14501.925957221876
0,2,0,0.1111111111111111,117.55242898436306,64.64985381304655,16.104083033506676,115.43758134388737,63.48675925196515,151.14976292004917,46.17245826948747,0.08915776323498446,0.0,0.0,0.0,0.0,0.0,20.0,20.0,17.49743554245601,0.0,32.74992266171385,0.0,0.0,17.49743554245601,0.0,17.49743554245601,2.5,0.0,0.0025644575439898176,-1.5625966728576848,0.0,0.0,281.7801548491425,100.85585466367353,-0.11840730893374218,1057.3390000000002,557.809116449981,0.0,-1232.3936996282314
0,2,1,0.1111111111111111,122.91729684036481,67.60034939713152,11.374686786310535,100.18024053392459,55.09573865407404,145.81676656278148,55.00641677709648,0.17982693738097102,0.0,0.0,22.38587899073167,0.0,0.0,25.0,25.0,0.0,0.0,30.232714465217203,0.0,13.298051012266557,0.0,0.0,13.298051012266557,2.53,0.0,0.08412100926832977,-24.861347786671814,1513.293241335367,0.0,151.26116513291186,161.65594590907193,-4.627195295523744,1229.1390000000001,83.69717253351357,0.0,518.0013751393608
0,2,2,0.1111111111111111,63.44764591003819,34.895250001410645,7.5750109847748925,60.577265159983476,33.316583804489554,77.42940028576159,27.205495599947593,0.056407923730877337,0.0,261.72999999999996,0.0,100.0,0.0,25.0,25.0,0.0,0.0,30.232714465217203,0.0,0.0,0.0,0.0,0.0,386.73,5.684341886080802e-14,0.0,361.73,-16606.152364034293,-6057.726515998347,0.0,0.0,4.401351832584714e-12,1229.1390000000001,0.0,0.0,-23893.017880032643
0,2,3,0.1111111111111111,57.84384166462652,31.813242035664057,7.635598884863131,57.435749258060845,31.58879735617228,70.29111168648599,24.967430926080695,0.09643818240514795,0.0,162.57999999999998,0.0,100.0,0.0,25.0,25.0,40.00000000000001,0.0,59.14669262825248,0.0,0.0,40.0,0.0,40.0,247.57999999999996,0.0,0.0,258.72247270379404,-9404.251777834977,-5743.574925806084,305.42395539452525,122.72044953337962,0.0,1229.1390000000001,1264.986544632793,0.0,-17213.807843345952
0,2,4,0.1111111111111111,82.33672364246883,45.28705745962801,9.325916675355044,82.82102413515297,45.55343366783312,103.18164899021225,33.821877765764164,0.05252577913913886,0.0,10.533646504145786,0.0,0.0,0.0,24.99999999999995,24.99999999999995,0.0,0.0,59.14669262825248,0.0,0.0,0.0,3.265,3.265,35.65,0.11635349585426269,0.0,10.47850333111076,-867.3059411593094,0.0,30.44911794503422,7.766579498124003,12.005545568018649,1229.1389999999974,0.0,25.72450033339326,-2095.9592896175604
0,2,5,0.1111111111111111,75.96485958539016,41.78238832886579,10.242947056801386,66.99781441864691,36.850310979361915,101.17943032519632,27.91380498722218,0.1322733978640963,0.0,40.77391269506979,0.0,2.7660873049302026,0.0,25.0,25.0,0.0,0.0,59.14669262825248,0.0,0.0,0.0,0.0,0.0,68.53999999999999,0.0,0.0,43.53999999999999,-3097.3845526279338,-185.3218039214889,0.0,0.0,0.0,1229.1390000000001,0.0,0.0,-4511.845356549423
0,2,6,0.1111111111111111,118.59584539728094,65.22369749406694,13.765348489453629,113.7839179870652,62.57730042411936,147.12844762717623,49.53173281919058,0.09902139683168275,0.0,0.0,4.986539460143091,0.0,0.0,21.666666666666664,21.99673798943894,0.0,0.0,55.32481415404718,3.3333333333333335,36.666666666666664,0.0,1.3060000000000012,41.306000000000004,16.56000000000001,0.0,0.12012720652356368,-9.196844484196141,325.24054129060085,0.0,568.5914847053716,266.77652066748624,-5.950108697840884,1073.4498973725147,127.07745926732618,19.39829163932667,-53.366992917867975
0,2,7,0.1111111111111111,143.70063356486392,79.03048055303407,19.31569886536714,132.45602132100862,72.84632473396256,188.94647978221235,54.14679785186023,0.1170594834673082,0.0,0.0,21.228694099308107,0.0,0.0,24.999999999999957,24.999999999999957,0.0,0.0,50.395993797528945,0.0,40.0,0.0,0.0,40.0,3.76,0.0,0.011305900691851889,-25.922379338692288,1677.7138961816784,0.0,772.6279546146856,370.0506892684525,-0.612178319294911,1229.1389999999978,163.88327685423147,0.0,1427.9824415298817
0,2,8,0.1111111111111111,163.74888175400017,90.06558299726004,25.681606303887506,152.99833918825445,84.15254180058575,198.2528043355044,71.08764635605553,0.07676624544625113,0.0,0.0,0.0,0.0,20.92108244848287,25.0,25.0,0.0,0.0,47.163730831371005,0.0,40.0,0.0,0.0,40.0,4.0,0.0,0.07891755151712943,-24.070649817850047,0.0,1760.5622652594557,1027.2642521555003,276.55986602509466,-5.61006299353549,1229.1390000000001,107.47274362475157,0.0,1733.3847028088346
0,2,9,0.1111111111111111,160.6284265965173,88.34926218966076,16.50556838607044,174.29786059627065,95.86775959399664,202.9856507173234,65.05183234634026,0.21573045617881523,0.0,0.0,0.0,0.0,20.653182736094724,25.0,25.0,0.0,0.0,38.08034320278931,0.0,40.0,0.0,0.0,40.0,4.21,0.0,0.13681726390527515,-29.41921824715261,0.0,1979.9743573948108,660.2227354428176,762.3850654094907,-8.90021371365095,1229.1390000000001,302.0226386503413,0.0,1880.3207333104287
0,2,10,0.1111111111111111,189.73746069898127,104.35988833160997,23.24303498689743,177.29917444216665,97.5185499895883,213.61359255548814,91.22747660249469,0.04351502025753422,0.0,0.0,20.55091054644767,0.0,0.0,25.0,25.0,0.0,0.0,36.24813182352471,0.0,40.0,0.0,0.0,40.0,4.37,0.0,0.07908945355232788,-22.37060081030137,2144.6907297401845,0.0,929.7213994758972,181.64890619296068,-7.2151312734490824,1229.1390000000001,60.92102836054791,0.0,1973.2161383219432
0,2,11,0.1111111111111111,185.9909607688878,102.2992287607557,19.940902474395322,184.91501443906608,101.70743398065616,214.76343842707126,86.47371626380315,0.04446461804941755,0.0,0.0,20.49180567362265,0.0,0.0,25.0,25.0,0.0,0.0,34.37593737933871,0.0,40.0,0.0,0.0,40.0,4.47,0.0,0.03819432637735076,-22.308584721976704,2096.295916326875,0.0,797.636098975813,181.9478453438797,-3.3028053420421224,1229.1390000000001,62.250465269184566,0.0,1787.7932007194254
0,2,12,0.1111111111111111,67.16470643011831,36.93957732448393,8.103840245219896,71.85851361532985,39.52110060776875,87.54620528178091,25.730059813926335,0.0361811638524039,0.0,272.35280911330267,0.0,70.53086855412431,0.0,25.0,25.0,0.0,0.0,32.85251995397434,0.0,40.0,0.0,37.145,77.14500000000001,375.94999999999993,8.066322332572952,0.0,348.15880411460626,-18292.496469513026,-5068.243378297582,625.170755717489,103.10559623628193,706.1759107964455,1229.1390000000001,50.653629393365456,201.59239969463144,-24820.02443574128
0,2,13,0.1111111111111111,57.498885417593584,31.62352129335582,5.333795690609727,54.70075593330543,30.084592204812516,69.01130461348144,25.291864063217556,0.09470784111116476,0.0,326.6518963991772,0.0,9.523439651419153,0.0,25.0,25.0,0.8366162925196186,0.0,33.52181298799003,0.0,0.0,0.0,0.0,0.0,363.83000000000004,3.4912802419233344,0.0,339.6666162925197,-18782.11996249594,-520.9393480178425,0.0,0.0,240.9378042664004,1229.1390000000001,29.28157023818665,0.0,-20802.41768501837
0,2,14,0.1111111111111111,117.01617133835727,64.35493027365278,12.258116466872318,115.60462751540389,63.57862898755359,150.2973575180269,46.05140528629044,0.035307888813537844,0.0,0.0,1.9108859385062598,0.0,0.0,21.666666666666664,21.784359629378457,0.0,0.0,32.035165037946335,3.3333333333333335,40.0,0.0,1.5319999999999947,44.86533333333333,19.689999999999948,0.0,0.06578072816045655,-3.5607668675823625,122.9749313334739,0.0,549.9644813250488,101.9446579764058,-3.029294972544483,1062.4402031869793,49.43104433895299,8.113752849350968,-342.0716347678102
0,2,15,0.1111111111111111,130.4507021841554,71.74346713955836,14.753681776309378,131.18814652392675,72.14903654525578,167.1370359836807,51.56722631180452,0.034688233092231006,0.0,0.0,17.412652633533533,0.0,0.005660291765479997,21.666666666666664,21.782294110307433,0.0,0.0,30.574607855115556,3.3333333333333357,40.0,0.0,0.0,43.333333333333336,4.21,0.0,0.038353741367650684,-18.959823433996675,1249.2440720264574,0.4083845974444267,639.3262103067398,107.84167814254538,-1.9777960610100618,1062.3331266783375,48.56352632912341,0.0,887.9014881267361
0,2,16,0.1111111111111111,144.10365127991267,79.2602625772871,20.287847864184656,144.37807548924508,79.41120208989528,195.3130015354195,51.09396344736685,0.10396003000253519,0.0,0.0,0.0,0.0,20.898982335731844,25.0,25.0,0.0,0.0,26.197343433956178,0.0,40.0,0.0,0.0,40.0,4.0,0.0,0.10101766426815573,-25.15840120010141,0.0,1659.6133097359532,811.5139145673862,329.59597102174337,-5.161392845655525,1229.1390000000001,145.54404200354927,0.0,1431.201546167189
0,2,17,0.1111111111111111,164.60071945048372,90.534112967853,24.344440918420663,148.7576085482888,81.82004417781332,214.78922442566,62.929301796434345,0.14718690655645872,0.0,0.0,0.0,0.0,21.20130233288414,25.0,25.0,0.0,0.0,20.00000000000002,0.0,40.0,0.0,0.0,40.0,3.76,0.0,0.03869766711586209,-27.12747626225835,0.0,1734.6914935037569,973.7776367368265,533.0174410228503,-2.4352171727520386,1229.1390000000001,206.0616691790422,0.0,1808.7211192571433
0,2,18,0.1111111111111111,49.707327622621506,27.338281813525498,4.486995233098521,49.8512503200799,27.41743713026978,65.82562973056591,18.47345832657565,0.09197417448510706,0.0,127.32770920141604,0.0,0.0,0.0,20.0,20.306580581617023,2.377709201416156,0.0,21.902167361132946,3.3333333333333335,0.0,0.0,0.0,3.3333333333333335,144.95,9.947598300641403e-14,0.0,127.02112861979911,-6329.120156712666,0.0,14.95665077699507,8.381386338800743,6.5480692244642765e-12,985.8321373510266,83.21982204956547,0.0,-7374.834078997469
0,2,19,0.1111111111111111,54.483892597266106,29.96532063502154,5.466907499151866,60.54645871887636,33.299640725693365,67.07649271251249,23.03958016212256,0.006790630472144109,0.0,186.66292949667812,0.0,0.0,0.0,21.666666666666664,21.689302101573812,0.0,0.0,21.776671744653004,3.3333333333333335,17.55666666666665,0.0,0.0,20.889999999999983,212.14000000000007,3.810403836655297,0.0,190.33147706277032,-10170.123002588067,0.0,114.20369765728238,4.250768631511369,255.58852518113866,1057.5124209455864,4.172729247958015,0.0,-11368.942211673955
0,2,20,0.1111111111111111,89.16063758516736,49.035330325040384,11.935973315523915,78.52900800568968,43.18829420638116,106.44253817950423,39.53087042839205,0.027088808576560645,0.0,0.0,0.0,0.0,0.0,12.565782463685235,12.656078492273771,0.0,0.0,20.782060189716923,3.3333333333333335,34.880861390370015,0.0,0.9440000000000112,39.15819472370336,12.440000000000135,0.0,0.12578246368510015,-1.1865313047591874,0.0,0.0,467.39116730621265,52.01416981397164,-4.972290274099622,612.6867646642352,33.07083420162474,3.835775294441033,-125.21574676601706
0,2,21,0.1111111111111111,113.45839950183935,62.3982762842941,8.95927001822092,121.1448407313192,66.62555857970756,135.2314774714055,50.423820971424654,0.02461202267481109,0.0,0.0,0.0,0.0,22.091670848097465,25.0,25.0,0.0,0.0,20.00000000000002,0.0,30.18675831919446,0.0,0.0,30.18675831919446,2.79,0.0,0.11832915190253601,-22.952957180231056,0.0,1471.8699102135354,270.45131875643983,46.35924739945754,-5.966607971233989,1229.1390000000001,26.003501308086975,0.0,539.5045830325796
0,2,22,0.1111111111111111,54.664734721063894,30.064781080404458,5.86100616213204,55.01286792382761,30.256249100533314,65.9501505198909,23.857972300953232,0.022109727960743415,0.0,122.19157166687651,0.0,0.0,0.0,25.0,25.0,0.0,0.0,20.00000000000002,0.0,0.0,0.0,0.0,0.0,149.57999999999998,2.3884283331234712,0.0,124.57999999999998,-6679.569850319672,0.0,0.0,0.0,157.51720807546505,1229.1390000000001,0.0,0.0,-8066.2260583951365
0,2,23,0.1111111111111111,68.85655475821859,37.870068432967855,7.943106954152055,65.20315077757863,35.86075124819252,80.58224672302629,31.42111439089582,0.04192207408821923,0.0,84.8308218162022,0.0,100.0,0.0,25.0,25.0,0.0,0.0,20.00000000000002,0.0,0.0,0.0,0.0,0.0,215.3599999999998,5.529178183797569,0.0,190.3599999999998,-5841.158127572012,-6520.315077757863,0.0,0.0,445.5536005823501,1229.1390000000001,0.0,0.0,-14036.165805912227
1,0,0,0.1111111111111111,115.68144891343708,63.620878154120966,11.682883301026855,117.04924680332512,64.37312065894253,139.14182438285627,50.718466374106725,0.24865371398230485,-0.057610217703540856,0.0,0.0,0.0,0.0,20.0,20.0,17.49743554245601,0.0,30.51730656772667,0.0,0.0,17.49743554245601,0.0,17.49743554245601,2.3559744557411477,0.0,0.1465900018028421,-4.497392334600514,0.0,0.0,204.4204975097531,276.80186508758595,-7.434820077217691,1057.3390000000002,460.13216233804184,0.0,-1028.8139796634853
1,0,1,0.1111111111111111,110.6323980250384,60.84407120381092,16.540422280192765,134.8757187753406,74.1770763657742,136.34928609210098,46.70065393522145,0.04542705222879411,-0.054103418556813145,0.0,0.0,0.0,0.0,25.0,25.0,22.469999999999988,0.0,47.676709876861864,0.0,0.0,22.47,0.0,22.47,2.3931183510512626,0.0,0.1368816489487492,-1.1576275125297528,0.0,0.0,371.6632886359314,62.10633400471805,-6.392462517638006,1229.1390000000001,750.7238947746645,0.0,-1539.7008096163772
1,0,2,0.1111111111111111,67.81485965748038,37.29715181101714,7.8586478153201025,70.57505628004911,38.81521839672077,85.29334238427838,27.68424946217747,0.032254901467560514,-0.043684392547513815,261.72999999999996,0.0,84.3506059101,0.0,25.0,25.0,1.2446710399999894,0.0,48.672446708861855,0.0,0.0,0.0,0.0,0.0,369.8359348701,5.684341886080802e-14,0.0,346.0806059101,-17749.18321815234,-5953.048759361551,0.0,0.0,4.848365187187845e-12,1229.1390000000001,43.56348639999963,0.0,-24974.93446391389
1,0,3,0.1111111111111111,74.38463765829015,40.9104307988157,7.796290038825693,74.43524204321723,40.93826244864085,90.44393313393464,32.07806007124429,0.1016041956993375,-0.05484749498688255,139.2319491918159,0.0,69.7689079993317,0.0,25.0,25.0,0.0,0.0,45.322588354953204,0.0,31.321201002666555,0.0,9.809748189149346,41.1309491918159,234.00085719114756,0.0,2.842170943040401e-14,204.8217801801628,-10356.718091090688,-5193.26555402121,320.6688094716,170.967840860814,-9.1171330243595e-13,1229.1390000000001,111.38279026746265,149.50673621573276,-16548.37552126268
1,0,4,0.1111111111111111,92.90183070777304,51.09810494326587,11.347940125481562,91.7693746936239,50.475228560596435,105.36956600140235,44.24056896593204,0.061397186905088906,-0.06872763020964234,0.0,0.0,8.19985998302625,0.0,25.0,25.0,0.0,0.0,43.29834242647681,0.0,31.321201002666555,0.0,3.265,34.586201002666556,33.19985998302625,0.0,0.0,6.076364535728558,0.0,-752.4960232175886,392.48213814613047,108.50659321256475,0.0,1229.1390000000001,67.30617712184018,30.069272286767294,-1578.0217412675008
1,0,5,0.1111111111111111,100.69435266008787,55.384167999919605,10.331981944286953,113.44300798942419,62.39621634106653,124.24399115588976,42.431334992574186,0.06398006417715932,-0.04035727027911008,40.77391269506979,0.0,0.0,0.0,25.0,25.0,0.0,0.0,41.18893984725963,0.0,31.321201002666555,0.0,6.53,37.851201002666556,65.77391269506978,0.0,7.105427357601002e-15,38.352190425736616,-4105.702744248992,0.0,391.0779253291271,134.12507301389448,-3.014927684757693e-13,1229.1390000000001,70.13763575897096,62.66847286152756,-4942.444854526468
1,0,6,0.1111111111111111,114.66367361058342,63.06113621503461,13.6678067318565,118.75036637985698,65.30867880003312,143.98492748083953,46.93543985380128,0.03353827570649095,-0.002680380006000108,0.0,0.0,0.0,5.062279573767299,21.666666666666664,21.778460919021633,0.0,0.0,40.08319345285347,3.3333333333333335,31.32120100266655,0.0,1.3060000000000012,35.96053433599989,16.515612907100646,0.0,0.08877418579871943,-6.357108074679517,0.0,330.6107906791371,491.50163327873605,76.05515544810261,-4.166655458125975,1062.1344140420815,36.766067614004804,6.570148210901583,-203.13639500288616
1,0,7,0.1111111111111111,94.63170043761048,52.044229559776625,9.74037357187433,102.01032625276731,56.102223804663865,125.94493497848161,34.82301130872504,0.058022047118077236,-0.007203397874651029,0.0,0.0,0.0,0.0,25.0,25.0,21.23999999999996,0.0,56.08928282822308,0.0,0.0,21.239999999999966,0.0,21.239999999999966,3.732915223991312,0.0,0.027084776008728717,-1.2594730567966872,0.0,0.0,206.88553466661043,64.13869859210696,-0.9431734612462448,1229.1390000000001,700.26641017242,0.0,-1657.4380034524565
1,0,8,0.1111111111111111,186.8527535316368,102.7732342426155,16.48338391218766,198.7063032629834,109.29295429019784,239.9638404677141,73.56093699039863,0.08224119880627943,-0.022168343433002894,0.0,0.0,0.0,20.91132662626799,25.0,25.0,0.0,0.0,52.62649551006394,0.0,40.0,0.0,0.0,40.0,3.9113266262679884,0.0,0.17734674746402135,-24.378321325983187,0.0,2285.4606651121044,659.3353564875064,338.0877595724507,-13.045792915653012,1229.1390000000001,115.13767832879121,0.0,1951.6528957589233
1,0,9,0.1111111111111111,190.48265672375533,104.7697629744142,25.647088684682263,174.4240249505654,95.93715283809894,228.0148323818366,84.12621875235978,0.012590988667172823,-0.004061154649851939,0.0,20.77290253892412,0.0,0.0,25.0,25.0,0.0,0.0,52.09634861881456,0.0,40.0,0.0,0.0,40.0,4.192902538924123,0.0,0.034194922151755236,-21.31073700776279,2176.3720752936874,0.0,1025.8835473872905,52.766195930929285,-2.876689501158474,1229.1390000000001,17.62738413404195,0.0,2011.1321239790238
1,0,10,0.1111111111111111,161.25929656033185,88.69625491704792,18.212758205942997,171.4713815285747,94.31313227480662,192.2778734014479,71.63533714456867,0.016020147836850636,0.01477696658275405,0.0,0.0,0.0,20.565424656033358,25.0,25.0,0.0,0.0,51.42181607831559,0.0,40.000000000000014,0.0,0.0,40.000000000000014,4.434575343966635,0.0,7.105427357601002e-15,-21.20623056950739,0.0,1939.5896158720434,728.5103282377202,56.83708465384394,-5.089996843179894e-13,1229.1390000000001,22.4282069715909,0.0,1473.3698217920173
1,0,11,0.1111111111111111,164.50761540761675,90.48290364165551,21.22871704187866,164.40922592303704,90.42878720315193,236.3763812319023,50.95345938577308,0.13833455761541513,0.0016659255859289728,0.0,17.18921997929756,0.0,0.0,21.666666666666664,22.12778185871805,0.0,0.0,46.08258753877325,3.3333333333333335,36.666666666666664,0.0,0.0,40.0,4.477446687369103,0.0,0.0,-22.722602283914167,1555.330535062001,0.0,849.1486816751465,500.676497881066,0.0,1080.2432115559436,177.52934893978275,0.0,1647.3831541224872
1,0,12,0.1111111111111111,64.06181805415166,35.23303543387775,7.345818985220095,59.49530101392519,32.72151981389171,83.27401911935819,24.66661410126717,0.11402643353306306,0.014071582741658813,272.35280911330267,0.0,100.0,0.0,25.0,25.0,21.402809113302634,0.0,61.25244603679228,0.0,0.0,21.40280911330265,0.0,21.40280911330265,381.2402115317266,5.290211531726527,0.0,375.20253465425037,-17447.416103953492,-5949.530101392519,157.22116152154027,85.98572938899316,440.537176238444,1229.1390000000001,663.6813092883327,0.0,-25487.09679996225
1,0,13,0.1111111111111111,74.83089753371473,41.155867011541694,11.160784360625174,78.15694362926057,42.98514228811937,105.81172220243702,24.11687988193577,0.038733360635574185,0.033471961082986175,326.6518963991772,0.0,0.0,0.0,25.0,25.0,0.0,0.0,59.62156769424178,0.0,40.0,0.0,35.93600000000001,75.936,376.0081036008229,24.356207201645702,0.0,348.06684712759994,-24443.654588640427,0.0,847.5053212084333,121.04996025880034,2577.172230325531,1229.1390000000001,54.22670488980386,208.78830716999911,-27544.425549558524
1,0,14,0.1111111111111111,116.21158983986922,63.912437704955174,15.348371281914396,116.88011318836854,64.28010290017491,168.8239764095333,34.97740735405761,0.025683878802840038,0.01511622218079193,0.0,0.0,0.0,1.6790282519269262,21.66666666666666,21.752279596009462,0.0,0.0,58.54014121833273,3.3333333333333393,40.0,0.0,1.5319999999999947,44.86533333333334,19.987638414739738,3.552713678800501e-15,0.0,-2.831344035709275,0.0,107.92810880616362,688.6097936868501,73.64731074742622,5.99783250299642e-13,1060.7771742571304,35.957430323976055,5.90215534889262,-232.45154668955956
1,0,15,0.1111111111111111,104.24348110451746,57.330383324249354,12.752215047271319,102.99621045896266,56.644426720909856,123.73559301366262,46.61038207611345,0.05007837780057312,-0.010454639699082578,0.0,17.412652633533533,0.0,0.0,21.666666666666664,21.833594592668575,0.0,0.0,56.43157794251912,3.3333333333333357,40.0,0.0,0.0,43.333333333333336,4.165985966866862,0.0,0.08802806626626847,-19.670743737824637,998.2740501724775,0.0,552.5959853817571,124.41054580774892,-4.103021802092207,1064.992543683939,70.10972892080238,0.0,544.2813305593343
1,0,16,0.1111111111111111,212.32584443005294,116.78400950979989,20.86568171363055,210.57029803488936,115.81841934597402,269.2892199330452,85.452866547393,0.02235622492291297,0.002070830544922681,0.0,20.99171667782031,0.0,0.0,25.0,25.0,0.0,0.0,55.490263208922784,0.0,40.0,0.0,0.0,40.0,4.0082833221796905,0.0,0.0,-21.88596567473683,2451.496840129592,0.0,834.627268545222,104.43398336002774,0.0,1229.1390000000001,31.29871489207816,0.0,2130.1203771427636
1,0,17,0.1111111111111111,185.8857576419385,102.24136466507254,17.388765575155343,204.37095407866317,112.40864016679858,236.8583467168362,74.20528953139743,0.04425414512415758,0.0071835961100619496,0.0,0.0,0.0,21.212989678626165,25.0,25.0,0.0,0.0,53.62693078264246,0.0,40.0,0.0,0.0,40.0,3.7870103213738324,0.0,3.552713678800501e-15,-22.983155483592473,0.0,2384.5233236467006,695.5506230062138,180.9841675832015,-2.6363014715754725e-13,1229.1390000000001,61.95580317382062,0.0,1969.9633110622958
1,0,18,0.1111111111111111,86.56054164997235,47.60699467740876,13.267084191979103,85.76001345015895,47.1667162200287,111.03018686768183,34.149058215455625,0.2176540713676716,0.03068166410798297,15.502692787547748,0.0,100.0,0.0,25.0,25.0,0.0,0.0,44.46254883031945,0.0,40.0,0.0,0.0,40.0,149.39730721245212,8.894614424904375,0.0,115.69114435774526,-1341.9214847232527,-8576.001345015895,530.6833676791641,414.47424868468346,987.5707017131112,1229.1390000000001,304.71569991474024,0.0,-11494.190615003154
1,0,19,0.1111111111111111,78.97183915971985,43.433322561044356,10.889034346339747,70.61096533833143,38.83496783813982,101.17795255312284,31.220294523389867,0.06456575161719336,-0.0124209402265385,84.50502174034196,0.0,100.0,0.0,25.0,25.0,0.0,0.0,41.743990867490254,0.0,40.0,0.0,20.889999999999986,60.889999999999986,209.5050217403422,2.2737367544323206e-13,0.0,180.5736131243713,-6673.5169850669145,-7061.0965338331425,663.033301348627,170.75413853673317,2.3005202945824484e-11,1229.1390000000001,90.3920522640707,202.31678269247524,-14422.673913971266
1,0,20,0.1111111111111111,152.5183721932837,83.87993809478188,15.762612547550487,172.06230273685128,94.6284378364763,191.24808553876673,62.579907736925605,0.1476814196551325,-0.023331274464456247,0.0,0.0,0.0,12.269758945662051,25.0,25.0,0.0,0.0,35.525825829379414,0.0,40.0,0.0,0.9440000000000112,40.94400000000001,12.149758945662295,0.0,0.5804821086756533,-18.89690910069745,0.0,1161.0681216581304,645.3844081469073,507.19414140835124,-36.326516803858404,1229.1390000000001,206.75398751718552,20.91168902316701,893.1685114768944
1,0,21,0.1111111111111111,119.85569484421097,65.91657201205166,20.99971564288953,111.53493510356653,61.34043602325211,150.0373075555224,49.31770743318509,0.04861490697260231,-0.03411477173584994,0.0,18.78148645352367,0.0,0.0,21.666666666666664,21.828716356575338,0.0,0.0,34.151639768765314,3.3333333333333335,26.853424985861178,0.0,0.0,30.18675831919451,2.6948197868569785,0.0,0.19036042628601635,-20.439373327301755,1238.0112043070658,0.0,633.9133408837146,96.73431275570138,-9.38813981043015,1064.7396559248657,45.69168651541885,0.0,867.6156553166276
1,0,22,0.1111111111111111,78.71058416256794,43.289636245989264,10.156847114603986,77.71352520426524,42.74126883034943,90.69651210714437,36.69755633308085,0.07806634828858865,-0.06208521935109839,15.293292889462712,0.0,100.0,0.0,25.0,25.0,0.0,0.0,30.864635630298423,0.0,40.0,0.0,0.0,40.0,140.2932928894627,0.0,2.842170943040401e-14,112.17063895791915,-1203.7440170988566,-7771.352520426524,406.2738845841594,135.17855281862836,-1.0430072829047062e-12,1229.1390000000001,109.29288760402412,0.0,-9772.075987726614
1,0,23,0.1111111111111111,62.48777938563922,34.367337864459515,7.494465814212606,65.56805686493634,36.06144410232046,76.69934754011778,26.551189344689845,0.17603644176240202,-0.03421670228593113,182.99109099570165,0.0,0.0,0.0,25.0,25.0,0.0,0.0,30.864635630298423,0.0,0.0,0.0,0.0,0.0,207.99109099570168,2.842170943040401e-14,0.0,182.99109099570168,-11434.706923676837,0.0,0.0,0.0,2.1799265692868e-12,1229.1390000000001,0.0,0.0,-12663.84592367684
1,1,0,0.1111111111111111,115.68144891343708,63.620878154120966,11.682883301026855,117.04924680332512,64.37312065894253,137.7744311467681,51.470486333046125,0.019950946561381074,0.057610217703540856,0.0,0.0,0.0,0.0,20.0,20.0,17.49743554245601,0.0,33.71867611278981,0.0,0.0,17.49743554245601,0.0,17.49743554245601,2.6440255442588523,0.14146108671486246,0.0,-0.20762931475388724,0.0,0.0,204.4204975097531,22.209437896616496,19.48972075154381,1057.3390000000002,600.1920799345542,0.0,-1450.3908652797286
1,1,1,0.1111111111111111,110.6323980250384,60.84407120381092,16.540422280192765,134.8757187753406,74.1770763657742,138.0927936198578,45.741783856863336,0.043993603086624214,0.054103418556813145,0.0,0.0,0.0,0.0,25.0,25.0,22.469999999999988,0.0,50.90384710370464,0.0,0.0,22.47,0.0,22.47,2.666881648948737,0.13688164894872523,0.0,-0.8516546124077208,0.0,0.0,371.6632886359314,60.14657067352064,18.902369298622137,1229.139,751.8512308525239,0.0,-1568.082740841694
1,1,2,0.1111111111111111,67.81485965748038,37.29715181101714,7.8586478153201025,70.57505628004911,38.81521839672077,81.90144711874726,29.54974079084131,0.05123935218748426,0.043684392547513815,261.72999999999996,0.0,84.3506059101,0.0,25.0,25.0,1.2446710399999894,0.0,51.899583935704634,0.0,0.0,0.0,0.0,0.0,403.6240651299001,33.78813025980014,0.0,379.8687361699001,-17749.18321815234,-5953.048759361551,0.0,0.0,2767.296763714365,1229.1390000000001,43.56348639999963,0.0,-27742.231227628254
1,1,3,0.1111111111111111,74.38463765829015,40.9104307988157,7.796290038825693,74.43524204321723,40.93826244864085,95.78721393748117,29.13933607615915,0.07279240174829359,0.05484749498688255,139.2319491918159,0.0,69.7689079993317,0.0,25.0,25.0,0.0,0.0,49.49964136030973,0.0,31.321201002666555,0.0,9.809748189149346,41.1309491918159,261.1591428088523,27.158285617704735,0.0,233.165122230993,-10356.718091090688,-5193.26555402121,320.6688094716,122.48667166074368,2601.4165146383016,1229.1390000000001,79.79809063188058,107.1112696851232,-19124.29303893486
1,1,4,0.1111111111111111,92.90183070777304,51.09810494326587,11.347940125481562,91.7693746936239,50.475228560596435,121.28997784220121,35.483982913929864,0.20133295153536795,0.06872763020964234,0.0,0.0,8.19985998302625,0.0,25.0,25.0,0.0,0.0,42.86175731452091,0.0,31.321201002666555,0.0,3.265,34.586201002666556,38.10014001697375,4.900280033947496,0.0,6.136798086711386,0.0,-752.4960232175886,392.48213814613047,355.8135767083896,594.3548567380727,1229.1390000000001,220.7096445224784,98.60281301444645,-2147.0066226380663
1,1,5,0.1111111111111111,100.69435266008787,55.384167999919605,10.331981944286953,113.44300798942419,62.39621634106653,127.09538374671716,40.86300467302583,0.10052920050019774,0.04035727027911008,40.77391269506979,0.0,0.0,0.0,25.0,25.0,0.0,0.0,39.547341213990315,0.0,31.321201002666555,0.0,6.53,37.851201002666556,71.3060873049302,5.532174609860412,0.0,42.50093633015985,-4105.702744248992,0.0,391.0779253291271,210.74512085173902,703.1138549940543,1229.1390000000001,110.20433534264212,98.46835188994369,-5644.805240294766
1,1,6,0.1111111111111111,114.66367361058342,63.06113621503461,13.6678067318565,118.75036637985698,65.30867880003312,144.79481842662335,46.490027268950314,0.017529643389544994,0.002680380006000108,0.0,0.0,0.0,5.062279573767299,21.666666666666664,21.72509881129848,0.0,0.0,38.969394388612415,3.3333333333333335,31.32120100266655,0.0,1.3060000000000012,35.96053433599989,16.60438709289937,3.552713678800501e-15,0.0,-5.6926549167748615,0.0,330.6107906791371,491.50163327873605,39.752185371999296,5.144145320436996e-13,1059.3681223777132,19.216731943815134,3.4340571400118676,-220.15430213166837
1,1,7,0.1111111111111111,94.63170043761048,52.044229559776625,9.74037357187433,102.01032625276731,56.102223804663865,117.88814232432722,39.253974341929535,0.04677032879390973,0.007203397874651029,0.0,0.0,0.0,0.0,25.0,25.0,21.23999999999996,0.0,55.16667296174627,0.0,0.0,21.239999999999966,0.0,21.239999999999966,3.7870847760086876,0.027084776008647005,0.0,-0.9663170075739941,0.0,0.0,206.88553466661043,51.7008304698665,3.1929739289299013,1229.1390000000001,708.6309375746062,0.0,-1682.3765463670593
1,1,8,0.1111111111111111,186.8527535316368,102.7732342426155,16.48338391218766,198.7063032629834,109.29295429019784,225.8966734169662,81.29819655500943,0.028420533721769673,0.022168343433002894,0.0,0.0,0.0,20.91132662626799,25.0,25.0,0.0,0.0,53.97001891030334,0.0,40.0,0.0,0.0,40.0,4.088673373732012,0.0,0.0,-22.048147975138775,0.0,2285.4606651121044,659.3353564875064,116.8348067795035,0.0,1229.1390000000001,39.788747210477545,0.0,1792.7030811686368
1,1,9,0.1111111111111111,190.48265672375533,104.7697629744142,25.647088684682263,174.4240249505654,95.93715283809894,233.81574077955182,80.93558812845838,0.027848775861502174,0.004061154649851939,0.0,20.77290253892412,0.0,0.0,25.0,25.0,0.0,0.0,52.79743887402956,0.0,40.0,0.0,0.0,40.0,4.227097461075877,0.0,0.0,-21.886853573384208,2176.3720752936874,0.0,1025.8835473872905,116.70838584548683,0.0,1229.1390000000001,38.98828620610304,0.0,2050.8367223203613
1,1,10,0.1111111111111111,161.25929656033185,88.69625491704792,18.212758205942997,171.4713815285747,94.31313227480662,194.4750886104171,70.42681915869593,0.29350327765270817,-0.01477696658275405,0.0,0.0,0.0,20.565424656033358,25.0,25.0,0.0,0.0,40.43940613075763,0.0,40.000000000000014,0.0,0.0,40.000000000000014,4.305424656033365,0.0,0.12915068793327578,-32.43470645007496,0.0,1939.5896158720434,728.5103282377202,1041.3056613469485,-9.095672143297985,1229.1390000000001,410.90458871379155,0.0,2078.4576888862184
1,1,11,0.1111111111111111,164.50761540761675,90.48290364165551,21.22871704187866,164.40922592303704,90.42878720315193,208.67818153462406,66.18809474320786,0.024820007642062908,-0.0016659255859289728,0.0,17.18921997929756,0.0,0.0,21.666666666666664,21.74940002547354,0.0,0.0,39.48144092352012,3.3333333333333335,36.666666666666664,0.0,0.0,40.0,4.462553312630898,0.0,0.014893374738203846,-18.19691365971828,1555.330535062001,0.0,849.1486816751465,89.83145439447726,-0.9857640982183347,1060.6278973205483,31.8523431406474,0.0,1402.816194768647
1,1,12,0.1111111111111111,64.06181805415166,35.23303543387775,7.345818985220095,59.49530101392519,32.72151981389171,79.43751567997352,26.77663323166046,0.07018557282532592,-0.014071582741658813,272.35280911330267,0.0,100.0,0.0,25.0,25.0,21.402809113302634,0.0,55.40195348001163,0.0,0.0,21.40280911330265,0.0,21.40280911330265,370.65978846827335,0.0,5.290211531726698,365.5604291638877,-17447.416103953492,-5949.530101392519,157.22116152154027,52.92595308806227,-141.65405390294646,1229.1390000000004,696.5224243465034,0.0,-24970.806461179964
1,1,13,0.1111111111111111,74.83089753371473,41.155867011541694,11.160784360625174,78.15694362926057,42.98514228811937,96.12273681114564,29.445675972629456,0.0327812547013015,-0.033471961082986175,326.6518963991772,0.0,0.0,0.0,25.0,25.0,0.0,0.0,54.02169012416736,0.0,40.0,0.0,35.93600000000001,75.936,351.6518963991772,0.0,0.0,324.16261904217913,-24443.654588640427,0.0,847.5053212084333,102.44836785945296,0.0,1229.1390000000001,45.893756581822096,176.70407534189562,-24945.43773149626
1,1,14,0.1111111111111111,116.21158983986922,63.912437704955174,15.348371281914396,116.88011318836854,64.28010290017491,134.8555776612512,53.658875974598246,0.11567810612856554,-0.01511622218079193,0.0,0.0,0.0,1.6790282519269262,21.66666666666666,22.05226035376188,0.0,0.0,49.15103302401723,3.3333333333333393,40.0,0.0,1.5319999999999947,44.86533333333334,19.392361585260158,0.0,0.5952768294795767,-7.4642418722333055,0.0,107.92810880616362,688.6097936868501,331.701511836373,-31.941885563596674,1076.3281767390158,161.94934857999175,26.58282878834427,-104.67905421436825
1,1,15,0.1111111111111111,104.24348110451746,57.330383324249354,12.752215047271319,102.99621045896266,56.644426720909856,136.7606636961812,39.44703442940989,0.07709120685615574,0.010454639699082578,0.0,17.412652633533533,0.0,0.0,21.666666666666664,21.923637356187182,0.0,0.0,45.9050874721791,3.3333333333333357,40.0,0.0,0.0,43.333333333333336,4.254014033133138,7.105427357601002e-15,0.0,-20.753271597300273,998.2740501724775,0.0,552.5959853817571,191.51896573300436,9.717429612705161e-13,1069.6603605447438,107.92768959861803,0.0,564.8009511438762
1,1,16,0.1111111111111111,212.32584443005294,116.78400950979989,20.86568171363055,210.57029803488936,115.81841934597402,252.69309652483824,94.58110922144179,0.0643263155233465,-0.002070830544922681,0.0,20.99171667782031,0.0,0.0,25.0,25.0,0.0,0.0,43.196611029090825,0.0,40.0,0.0,0.0,40.0,3.9917166778203095,0.0,0.016566644359379268,-23.58133594311355,2451.496840129592,0.0,834.627268545222,300.49140175235544,-1.5668915995872332,1229.1390000000001,90.0568417326851,0.0,2268.9865602940718
1,1,17,0.1111111111111111,185.8857576419385,102.24136466507254,17.388765575155343,204.37095407866317,112.40864016679858,221.52877502289235,82.63690015935596,0.05465785420675945,-0.0071835961100619496,0.0,0.0,0.0,21.212989678626165,25.0,25.0,0.0,0.0,40.895227694069376,0.0,40.0,0.0,0.0,40.0,3.732989678626167,0.0,0.05402064274766616,-23.45332448964421,0.0,2384.5233236467006,695.5506230062138,223.53174415054644,-4.464098461283125,1229.1390000000001,76.52099588946322,0.0,2002.4097933752803
1,1,18,0.1111111111111111,86.56054164997235,47.60699467740876,13.267084191979103,85.76001345015895,47.1667162200287,106.05863757650819,36.883335475416075,0.1443441195642736,-0.03068166410798297,15.502692787547748,0.0,100.0,0.0,25.0,25.0,0.0,0.0,34.817580554521015,0.0,40.0,0.0,0.0,40.0,140.50269278754786,1.1368683772161603e-13,0.0,109.72892800497691,-1341.9214847232527,-8576.001345015895,530.6833676791641,274.87158927246503,1.2057471119136175e-11,1229.1390000000001,202.08176738998304,0.0,-10543.588640177513
1,1,19,0.1111111111111111,78.97183915971985,43.433322561044356,10.889034346339747,70.61096533833143,38.83496783813982,94.91104077352946,34.66700164938423,0.027568304539229604,0.0124209402265385,84.50502174034196,0.0,100.0,0.0,25.0,25.0,0.0,0.0,33.65680983707977,0.0,40.0,0.0,20.889999999999986,60.889999999999986,214.77497825965796,5.269956519315997,0.0,188.09634419626425,-6673.5169850669145,-7061.0965338331425,663.033301348627,72.90865473733471,500.177058079528,1229.1390000000001,38.59562635492145,86.38528227367591,-14852.968529522219
1,1,20,0.1111111111111111,152.5183721932837,83.87993809478188,15.762612547550487,172.06230273685128,94.6284378364763,192.29693959383513,62.0030735369244,0.03247517575062924,0.023331274464456247,0.0,0.0,0.0,12.269758945662051,25.0,25.0,0.0,0.0,32.28943401600064,0.0,40.0,0.0,0.9440000000000112,40.94400000000001,12.730241054337974,2.4868995751603507e-14,0.0,-13.599422541595791,0.0,1161.0681216581304,645.3844081469073,111.5321001138092,4.782231773805442e-12,1229.1390000000001,45.46524605088094,4.598484886289155,638.7818989816718
1,1,21,0.1111111111111111,119.85569484421097,65.91657201205166,20.99971564288953,111.53493510356653,61.34043602325211,143.9685397492471,52.655324145071255,0.023777548542363858,0.03411477173584994,0.0,18.78148645352367,0.0,0.0,21.666666666666664,21.74592516180788,0.0,0.0,31.61731968323218,3.3333333333333335,26.853424985861178,0.0,0.0,30.18675831919451,2.885180213143021,2.4868995751603507e-14,0.0,-19.4992535647949,1238.0112043070658,0.0,633.9133408837146,47.31274747799388,3.5803530033885865e-12,1060.4477603881203,22.34780156455142,0.0,836.4417307160991
1,1,22,0.1111111111111111,78.71058416256794,43.289636245989264,10.156847114603986,77.71352520426524,42.74126883034943,92.35922586306313,35.783088800655186,0.16896029803429255,0.06208521935109839,15.293292889462712,0.0,100.0,0.0,25.0,25.0,0.0,0.0,24.503201871261965,0.0,40.0,0.0,0.0,40.0,158.86670711053728,18.573414221074557,0.0,127.10829518916557,-1203.7440170988566,-7771.352520426524,406.2738845841594,292.5691936767384,1715.4261590924539,1229.1390000000001,236.54441724800958,0.0,-11457.363035604947
1,1,23,0.1111111111111111,62.48777938563922,34.367337864459515,7.494465814212606,65.56805686493634,36.06144410232046,74.07538220509491,27.994330773301492,0.04593252772515097,0.03421670228593113,182.99109099570165,0.0,0.0,0.0,25.0,25.0,0.0,0.0,24.503201871261965,0.0,0.0,0.0,0.0,0.0,222.72890900429792,14.737818008596264,0.0,197.72890900429792,-11434.706923676837,0.0,0.0,0.0,1091.709501855899,1229.1390000000001,0.0,0.0,-13755.555425532737
1,2,0,0.1111111111111111,115.68144891343708,63.620878154120966,11.682883301026855,117.04924680332512,64.37312065894253,156.66377570779198,41.08198670742883,0.02533295248733271,0.0,0.0,0.0,0.0,0.0,20.0,20.0,17.49743554245601,0.0,33.643339071367045,0.0,0.0,17.49743554245601,0.0,17.49743554245601,2.5,0.0,0.0025644575439898176,-0.4458261607911946,0.0,0.0,204.4204975097531,28.20069881267854,-0.10535301073395528,1057.3390000000002,596.8960843723081,0.0,-1421.5085350391428
1,2,1,0.1111111111111111,110.6323980250384,60.84407120381092,16.540422280192765,134.8757187753406,74.1770763657742,137.4268838451532,46.10801167503165,0.04154461518268509,0.0,0.0,0.0,0.0,0.0,25.0,25.0,22.469999999999988,0.0,50.87253306884308,0.0,0.0,22.47,0.0,22.47,2.53,0.0,1.199040866595169e-14,-0.9335075031549459,0.0,0.0,371.6632886359314,56.79839699125055,-5.528539027581012e-13,1229.1390000000001,753.7772373895768,0.0,-1554.4545517623944
1,2,2,0.1111111111111111,67.81485965748038,37.29715181101714,7.8586478153201025,70.57505628004911,38.81521839672077,79.23328025612159,31.017192394149276,0.4291233248819329,0.0,261.72999999999996,0.0,84.3506059101,0.0,25.0,25.0,1.2446710399999894,0.0,51.868269900843075,0.0,0.0,0.0,0.0,0.0,386.73,16.89406512990007,0.0,362.97467104000003,-17749.18321815234,-5953.048759361551,0.0,0.0,1338.5721971025434,1229.1390000000001,43.56348639999963,0.0,-26313.506661016432
1,2,3,0.1111111111111111,74.38463765829015,40.9104307988157,7.796290038825693,74.43524204321723,40.93826244864085,92.20725516695889,31.10825950113927,0.05330596672825526,0.0,139.2319491918159,0.0,69.7689079993317,0.0,25.0,25.0,0.0,0.0,50.110788955014506,0.0,31.321201002666555,0.0,9.809748189149346,41.1309491918159,247.57999999999996,13.579142808852367,0.0,220.38747499087947,-10356.718091090688,-5193.26555402121,320.6688094716,89.69714266029682,1252.095485924425,1229.1390000000001,58.436241448799855,78.43771658750359,-17757.726136940728
1,2,4,0.1111111111111111,92.90183070777304,51.09810494326587,11.347940125481562,91.7693746936239,50.475228560596435,106.82375752790432,43.44073078553557,0.11466824267434636,0.0,0.0,0.0,8.19985998302625,0.0,25.0,25.0,0.0,0.0,46.33021308404003,0.0,31.321201002666555,0.0,3.265,34.586201002666556,35.65,2.450140016973748,0.0,6.684061110242508,0.0,-752.4960232175886,392.48213814613047,202.65196158740756,261.733163082619,1229.1390000000001,125.70414770990122,56.15877184976113,-1830.097006126332
1,2,5,0.1111111111111111,100.69435266008787,55.384167999919605,10.331981944286953,113.44300798942419,62.39621634106653,141.86252013395426,32.740746165547066,0.08428231831522846,0.0,40.77391269506979,0.0,0.0,0.0,25.0,25.0,0.0,0.0,43.55145157570109,0.0,31.321201002666555,0.0,6.53,37.851201002666556,68.53999999999999,2.7660873049302026,0.0,40.34981302847955,-4105.702744248992,0.0,391.0779253291271,176.68585118184265,392.40411598793617,1229.1390000000001,92.39382015226984,82.55453078976628,-5334.430434667994
1,2,6,0.1111111111111111,114.66367361058342,63.06113621503461,13.6678067318565,118.75036637985698,65.30867880003312,132.00973474947628,53.52139019234066,0.05751926924734378,0.0,0.0,0.0,0.0,5.062279573767299,21.666666666666664,21.85839756415781,0.0,0.0,41.65505937188787,3.3333333333333335,31.32120100266655,0.0,1.3060000000000012,35.96053433599989,16.56000000000001,0.0,0.04438709289935616,-7.1750903234173835,0.0,330.6107906791371,491.50163327873605,130.43714596875768,-2.3756589185701147,1066.278329725941,63.055040776789305,11.268024845554658,-185.6761665030839
1,2,7,0.1111111111111111,94.63170043761048,52.044229559776625,9.74037357187433,102.01032625276731,56.102223804663865,120.74184632112893,37.68453381387818,0.033376854262201654,0.0,0.0,0.0,0.0,0.0,25.0,25.0,21.23999999999996,0.0,58.07991986426451,0.0,0.0,21.239999999999966,0.0,21.239999999999966,3.76,0.0,4.085620730620576e-14,-0.7089243845292028,0.0,0.0,206.88553466661043,36.89542340895906,-1.5396471257375278e-12,1229.1390000000001,718.5876465414779,0.0,-1703.945688465907
1,2,8,0.1111111111111111,186.8527535316368,102.7732342426155,16.48338391218766,198.7063032629834,109.29295429019784,239.42110368775823,73.85945447630256,0.044460023732686975,0.0,0.0,0.0,0.0,20.91132662626799,25.0,25.0,0.0,0.0,56.20791886499348,0.0,40.0,0.0,0.0,40.0,4.0,0.0,0.08867337373201067,-22.77840094930748,0.0,2285.4606651121044,659.3353564875064,182.7720173404673,-6.549367010419606,1229.1390000000001,62.24403322576177,0.0,1842.734372724736
1,2,9,0.1111111111111111,190.48265672375533,104.7697629744142,25.647088684682263,174.4240249505654,95.93715283809894,219.9494642813401,88.56235335235057,0.043748822694237244,0.0,0.0,20.77290253892412,0.0,0.0,25.0,25.0,0.0,0.0,54.36586317260454,0.0,40.0,0.0,0.0,40.0,4.21,0.0,0.017097461075877618,-22.53995290776949,2176.3720752936874,0.0,1025.8835473872905,183.34215136339637,-1.5141913892299335,1229.1390000000001,61.24835177193214,0.0,2096.724613661672
1,2,10,0.1111111111111111,161.25929656033185,88.69625491704792,18.212758205942997,171.4713815285747,94.31313227480662,203.4332241933993,65.49964228147073,0.00992052352609015,0.0,0.0,0.0,0.0,20.565424656033358,25.0,25.0,0.0,0.0,53.94815691887443,0.0,40.000000000000014,0.0,0.0,40.000000000000014,4.37,0.0,0.06457534396664144,-21.026820941043606,0.0,1939.5896158720434,728.5103282377202,35.19653134322653,-4.229661930017944,1229.1390000000001,13.888732936526214,0.0,1464.4984044464818
1,2,11,0.1111111111111111,164.50761540761675,90.48290364165551,21.22871704187866,164.40922592303704,90.42878720315193,217.53529927674626,61.31647995979803,0.46133864764902605,0.0,0.0,17.18921997929756,0.0,0.0,21.666666666666664,23.204462158830083,0.0,0.0,36.14210385171904,3.3333333333333335,36.666666666666664,0.0,0.0,40.0,4.47,0.0,0.0074466873691036994,-35.65021257262771,1555.330535062001,0.0,849.1486816751465,1669.7304160559395,-0.4566046568345281,1136.0583183137517,592.0512644829167,0.0,2346.5566546532527
1,2,12,0.1111111111111111,64.06181805415166,35.23303543387775,7.345818985220095,59.49530101392519,32.72151981389171,81.67815573666091,25.544314934900598,0.12174097611046024,0.0,272.35280911330267,0.0,100.0,0.0,25.0,25.0,21.402809113302634,0.0,51.1798720439937,0.0,0.0,21.40280911330265,0.0,21.40280911330265,375.94999999999993,0.0,1.1368683772161603e-13,369.74721024034324,-17447.416103953492,-5949.530101392519,157.22116152154027,91.8031574174476,-2.904052386713897e-12,1229.1390000000001,657.902358412016,0.0,-25034.96324481903
1,2,13,0.1111111111111111,74.83089753371473,41.155867011541694,11.160784360625174,78.15694362926057,42.98514228811937,94.17217207017524,30.518457213033685,0.06375552456249015,0.0,326.6518963991772,0.0,0.0,0.0,25.0,25.0,0.0,0.0,48.49542890452043,0.0,40.0,0.0,35.93600000000001,75.936,363.83000000000004,12.178103600822851,0.0,333.98866048682277,-24443.654588640427,0.0,847.5053212084333,199.249525162045,1146.8384677851102,1229.1390000000001,89.2577343874862,343.66777960164694,-26205.80272404419
1,2,14,0.1111111111111111,116.21158983986922,63.912437704955174,15.348371281914396,116.88011318836854,64.28010290017491,153.13505359950003,43.60578343200103,0.04937021583068184,0.0,0.0,0.0,0.0,1.6790282519269262,21.66666666666666,21.831234052768934,0.0,0.0,46.416682974807514,3.3333333333333393,40.0,0.0,1.5319999999999947,44.86533333333334,19.689999999999948,0.0,0.2976384147397866,-4.191677856648864,0.0,107.92810880616362,688.6097936868501,141.56676469551286,-12.978756254187237,1064.8701732955417,69.11830216295458,11.345275597890646,-194.25032761367294
1,2,15,0.1111111111111111,104.24348110451746,57.330383324249354,12.752215047271319,102.99621045896266,56.644426720909856,130.3897455924965,42.950823569427556,0.030886250872244753,0.0,0.0,17.412652633533533,0.0,0.0,21.666666666666664,21.769620836240815,0.0,0.0,45.11620925387089,3.3333333333333357,40.0,0.0,0.0,43.333333333333336,4.21,0.0,0.04401403313313068,-18.7950708711306,998.2740501724775,0.0,552.5959853817571,76.73122608470464,-1.8904389716800347,1061.6761441507238,43.24075122114265,0.0,524.5748052387529
1,2,16,0.1111111111111111,212.32584443005294,116.78400950979989,20.86568171363055,210.57029803488936,115.81841934597402,268.4606096803935,85.90862089932014,0.12417899180135912,0.0,0.0,20.99171667782031,0.0,0.0,25.0,25.0,0.0,0.0,39.887620125392615,0.0,40.0,0.0,0.0,40.0,4.0,0.0,0.008283322179689634,-25.967159672054365,2451.496840129592,0.0,834.627268545222,580.0848223778914,-0.711608784921887,1229.139,173.85058852190275,0.0,2463.930951315724
1,2,17,0.1111111111111111,185.8857576419385,102.24136466507254,17.388765575155343,204.37095407866317,112.40864016679858,228.65522436671662,78.71719207966217,0.05002594877473551,0.0,0.0,0.0,0.0,21.212989678626165,25.0,25.0,0.0,0.0,37.78126438750901,0.0,40.0,0.0,0.0,40.0,3.76,0.0,0.027010321373836632,-23.241037950989423,0.0,2384.5233236467006,695.5506230062138,204.5888508557589,-2.126176655717703,1229.1390000000001,70.03632828462972,0.0,1987.613645879761
1,2,18,0.1111111111111111,86.56054164997235,47.60699467740876,13.267084191979103,85.76001345015895,47.1667162200287,111.56593234118154,33.85440627105719,0.08523777310923672,0.0,15.502692787547748,0.0,100.0,0.0,25.0,25.0,0.0,0.0,34.19230551975168,0.0,40.0,0.0,0.0,40.0,144.95,4.447307212452245,0.0,116.54048907563052,-1341.9214847232527,-8576.001345015895,530.6833676791641,162.3165684290243,496.16797556489576,1229.139,119.33288235293142,0.0,-11069.562751548787
1,2,19,0.1111111111111111,78.97183915971985,43.433322561044356,10.889034346339747,70.61096533833143,38.83496783813982,93.20225617871628,35.60680744957281,0.019144787783917882,0.0,84.50502174034196,0.0,100.0,0.0,25.0,25.0,0.0,0.0,33.38620919200777,0.0,40.0,0.0,20.889999999999986,60.889999999999986,212.14000000000007,2.634978259658112,0.0,185.9742738718373,-6673.5169850669145,-7061.0965338331425,663.033301348627,50.63135894233047,245.58591878200338,1229.1390000000001,26.802702897485034,59.990192520906646,-14582.466672809496
1,2,20,0.1111111111111111,152.5183721932837,83.87993809478188,15.762612547550487,172.06230273685128,94.6284378364763,198.74332141324916,58.457781909614546,0.07863429001857718,0.0,0.0,0.0,0.0,12.269758945662051,25.0,25.0,0.0,0.0,30.07529171754136,0.0,40.0,0.0,0.9440000000000112,40.94400000000001,12.440000000000135,0.0,0.2902410543378142,-15.77960237052049,0.0,1161.0681216581304,645.3844081469073,270.06004752908296,-16.96684825569653,1229.1390000000001,110.08800602600805,11.13461546663066,743.1178040971785
1,2,21,0.1111111111111111,119.85569484421097,65.91657201205166,20.99971564288953,111.53493510356653,61.34043602325211,144.47186757297428,52.378510892421836,0.28780050893279374,0.0,0.0,18.78148645352367,0.0,0.0,21.666666666666664,22.626001696442643,0.0,0.0,21.940102899099838,3.3333333333333335,26.853424985861178,0.0,0.0,30.18675831919451,2.79,0.0,0.09518021314299574,-27.56443107396209,1238.0112043070658,0.0,633.9133408837146,572.6676481772282,-4.985397830853435,1106.0709279435869,270.49502821318066,0.0,1073.0116350420947
1,2,22,0.1111111111111111,78.71058416256794,43.289636245989264,10.156847114603986,77.71352520426524,42.74126883034943,92.27279432819249,35.830624843546246,0.04607744385362058,0.0,15.293292889462712,0.0,100.0,0.0,25.0,25.0,0.0,0.0,20.000000000000025,0.0,40.0,0.0,0.0,40.0,149.57999999999998,9.286707110537264,0.0,122.73690224585516,-1203.7440170988566,-7771.352520426524,406.2738845841594,79.78703134272915,856.9104151967678,1229.1390000000001,64.50842139506881,0.0,-10639.593458190328
1,2,23,0.1111111111111111,62.48777938563922,34.367337864459515,7.494465814212606,65.56805686493634,36.06144410232046,79.15178987475005,25.202382983893138,0.11016625056293453,0.0,182.99109099570165,0.0,0.0,0.0,25.0,25.0,0.0,0.0,20.000000000000025,0.0,0.0,0.0,0.0,0.0,215.3599999999998,7.368909004298132,0.0,190.3599999999998,-11434.706923676837,0.0,0.0,0.0,583.2623371143594,1229.1390000000001,0.0,0.0,-13247.108260791196
2,0,0,0.1111111111111111,116.61318668231752,64.13330236407266,13.716490905129673,116.2406209080956,63.928403809042415,162.92766714594893,38.66190702779027,0.05975743058665235,0.01583412637486572,0.0,0.0,0.0,0.0,20.0,20.0,17.49743554245601,0.0,33.161467002066615,0.0,0.0,17.49743554245601,0.0,17.49743554245601,2.5395853159371646,0.037020858393174816,0.0,-1.008580931479564,0.0,0.0,240.00341548119056,67.05789574232392,6.0317220937404965,1057.3390000000002,575.8141813404145,0.0,-1332.1235922106407
2,0,1,0.1111111111111111,116.61318668231752,64.13330236407266,13.716490905129673,116.2406209080956,63.928403809042415,153.8043602414182,43.67941677017023,0.14063657306595123,-0.008230484930499925,0.0,0.0,0.0,0.0,25.0,25.0,22.449176873125847,0.0,48.59506825769704,0.0,0.0,22.449176873125836,0.0,22.449176873125836,2.509176873125835,0.0,0.04164625374831843,-3.1988215573361427,0.0,0.0,307.9239304078779,202.48007836138083,-1.8190840743890646,1229.1390000000001,675.2200549338309,0.0,-1392.135962090183
2,0,2,0.1111111111111111,65.5949175088036,36.07621705204149,7.715526134135441,65.38534926080376,35.960957670839534,79.02515785440562,28.689787063712046,0.13645109091988963,0.028317238829607856,261.72999999999996,0.0,89.04887422742576,0.0,25.0,25.0,0.0,0.0,48.59506825769704,0.0,0.0,0.0,0.0,0.0,397.68112577257426,21.902251545148545,0.0,372.68112577257426,-17168.157759579164,-5822.49174264162,0.0,0.0,1730.828885722263,1229.1390000000001,0.0,0.0,-25950.617387943043
2,0,3,0.1111111111111111,65.5949175088036,36.07621705204149,7.715526134135441,65.38534926080376,35.960957670839534,84.92421126551734,25.445396502015104,0.061028668646302624,0.03671652737761515,139.2319491918159,0.0,100.0,0.0,25.0,25.0,16.65194919181589,0.0,61.10363057951583,0.0,0.0,16.651949191815902,24.479,41.1309491918159,256.6702778481499,9.090277848149924,0.0,245.81205997063057,-9132.908221827098,-6538.534926080376,317.34691341125256,90.55733203022506,771.9846764385366,1229.1390000000001,547.2496015795722,224.08811696892627,-18036.000297453033
2,0,4,0.1111111111111111,87.45989001173814,48.10491466205696,10.287368178847256,87.1804656810717,47.95122496979452,105.70000322262386,38.07244046939387,0.0371275132075044,0.037086951918621935,0.0,0.0,9.327850164101129,0.0,25.0,25.0,0.0,0.0,59.879548154356456,0.0,31.321201002666555,0.0,3.265,34.586201002666556,36.97214983589887,2.6442996717977394,0.0,10.688050201374963,0.0,-813.2063211095974,355.800983622047,61.77150333635097,279.50248383060426,1229.1390000000001,40.7007406365491,18.18319959337528,-1963.1592582117282
2,0,5,0.1111111111111111,87.45989001173814,48.10491466205696,10.287368178847256,87.1804656810717,47.95122496979452,107.59933019094329,37.02776774325522,0.07307088254660052,0.031893141345756444,40.77391269506979,0.0,0.5801313970920603,0.0,25.0,25.0,0.0,0.0,57.47042415468876,0.0,31.321201002666545,0.0,6.53,37.85120100266654,70.72595590783813,4.3719118156762775,0.0,42.96013524512451,-3566.0819196590173,-50.576125354696536,389.38924072598314,133.04956695039226,470.4147830206382,1229.1390000000001,80.10337298895098,71.57292945439521,-4945.449322801323
2,0,6,0.1111111111111111,116.61318668231752,64.13330236407266,13.716490905129673,116.2406209080956,63.928403809042415,145.24236869445954,48.38822208063344,0.06006587389578671,0.04207195435422111,0.0,4.986539460143091,0.0,2.7567489757509875,25.0,25.0,0.0,0.0,54.94133472749774,0.0,40.0,0.0,1.3060000000000012,41.306000000000004,17.256711564105913,0.0,7.993605777301127e-15,-10.224369423033451,319.8032429477365,176.2345617219732,566.5733733272863,159.11991713796084,-3.8679637157708144e-13,1229.1390000000001,84.09222345410139,11.766904696184627,-103.26703301532885
2,0,7,0.1111111111111111,116.61318668231752,64.13330236407266,13.716490905129673,116.2406209080956,63.928403809042415,130.52032887051556,56.484845269716466,0.035435140248732226,-0.006724343536501787,0.0,21.21471646830271,0.0,0.0,24.999999999999957,24.999999999999957,0.0,0.0,53.44932882228796,0.0,40.0,0.0,0.0,40.0,3.734716468302753,0.0,0.05056706339449235,-22.68268914164649,1360.5698258297296,0.0,548.6596362051869,90.9029025554106,-2.856272751581844,1229.1389999999978,49.60919634822512,0.0,724.240440993686
2,0,8,0.1111111111111111,174.91978002347628,96.20982932411393,20.574736357694512,174.3609313621434,95.90244993958903,219.19909058254606,71.85520853219558,0.08369755056952409,0.010699705676095671,0.0,0.0,0.0,20.957201177295616,25.0,25.0,0.0,0.0,49.925221429886946,0.0,40.0,0.0,0.0,40.0,4.042798822704382,0.0,0.0,-24.30510320007658,0.0,2009.8469367794892,822.9894543077805,322.10108220561233,0.0,1229.1390000000001,117.17657079733372,0.0,1808.621902495548
2,0,9,0.1111111111111111,174.91978002347628,96.20982932411393,20.574736357694512,174.3609313621434,95.90244993958903,205.61633250274187,79.32603222310867,0.08209564123922995,0.020886467410460154,0.0,20.702067972201963,0.0,0.0,25.0,25.0,0.0,0.0,46.46856285139305,0.0,40.0,0.0,0.0,40.0,4.297932027798037,0.0,0.0,-23.98589362177116,1991.7424262617562,0.0,822.9894543077805,315.9363052752001,0.0,1229.1390000000001,114.93389773492194,0.0,1786.5952881098149
2,0,10,0.1111111111111111,174.91978002347628,96.20982932411393,20.574736357694512,174.3609313621434,95.90244993958903,208.83329218491107,77.55663174751625,0.028525697590258314,-0.029893365405155303,0.0,17.166032659846138,0.0,0.0,21.666666666666664,21.761752325300858,0.0,0.0,45.367571014576065,3.3333333333333335,36.66666666666668,0.0,0.0,40.000000000000014,4.239365993179471,0.0,0.2612680136410539,-18.568328577097525,1651.5410723759624,0.0,822.9894543077808,109.77809986040164,-20.26306712136427,1061.2682405435967,36.60797857416485,0.0,1506.6954745477474
2,0,11,0.1111111111111111,174.91978002347628,96.20982932411393,20.574736357694512,174.3609313621434,95.90244993958903,201.78186963894692,81.43507339401485,0.05313502505405451,-0.009607296793788068,0.0,20.487055383331768,0.0,0.0,25.0,25.0,0.0,0.0,43.13030680177377,0.0,40.0,0.0,0.0,40.0,4.427055383331767,0.0,0.08588923333646292,-22.698345618830412,1971.056101784019,0.0,822.9894543077805,204.4844676633241,-6.994396020510525,1229.1390000000001,74.38903507567633,0.0,1701.9963846999578
2,0,12,0.1111111111111111,65.5949175088036,36.07621705204149,7.715526134135441,65.38534926080376,35.960957670839534,75.54157326117198,30.605706142164696,0.6012063624859987,-0.011774490397312083,272.35280911330267,0.0,100.0,0.0,25.0,25.0,21.402809113302634,0.0,49.95855008122318,0.0,0.0,21.40280911330265,0.0,21.40280911330265,371.52338033513047,0.0,4.426619664869577,355.0586844344422,-17864.960047078024,-6538.534926080376,165.13393305759877,464.21090380296675,-135.47982066612585,1229.1390000000001,298.7356434759118,0.0,-25166.54495910762
2,0,13,0.1111111111111111,65.5949175088036,36.07621705204149,7.715526134135441,65.38534926080376,35.960957670839534,77.40820001589357,29.57908953045166,0.11166398461299737,0.011691850467093538,326.6518963991772,0.0,7.924257645380294,0.0,25.0,25.0,0.0,0.0,49.95855008122318,0.0,0.0,0.0,0.0,0.0,368.08384595544265,8.507691910885171,0.0,343.08384595544265,-21426.70419839829,-518.130353775785,0.0,0.0,658.5651171113991,1229.1390000000001,0.0,0.0,-23832.538669285474
2,0,14,0.1111111111111111,116.61318668231752,64.13330236407266,13.716490905129673,116.2406209080956,63.928403809042415,152.31663188198917,44.49761697055406,0.06281852935320012,-0.003522382223047924,0.0,1.9073109606949012,0.0,0.0,21.66666666666666,21.876061764510663,0.0,0.0,47.31355937161475,3.3333333333333393,40.0,0.0,1.5319999999999947,44.86533333333334,19.620644294028136,0.0,0.1387114119436239,-4.864396631579633,122.32215054455601,0.0,615.3949366222779,180.75164852378933,-6.172327278112115,1067.1940418722327,87.94594109448016,14.435698045365337,-244.93461804334282
2,0,15,0.1111111111111111,116.61318668231752,64.13330236407266,13.716490905129673,116.2406209080956,63.928403809042415,162.55521758348232,38.866741670291816,0.43306703602779273,-0.0025512099174071624,0.0,17.412652633533533,0.0,0.03327343938084937,21.666666666666664,23.110223453425974,0.0,0.0,29.079157854655058,3.3333333333333335,40.0,0.0,0.0,43.333333333333336,4.199259406247716,0.0,0.02148118750456618,-36.233645488289966,1116.7309163069722,2.127117868854633,594.3812725556191,1203.5408305042713,-0.8349037655110741,1131.1729838256024,606.2938504389098,0.0,1180.148206736716
2,0,16,0.1111111111111111,174.91978002347628,96.20982932411393,20.574736357694512,174.3609313621434,95.90244993958903,216.41057425090546,73.38895548922149,0.040354546937782274,0.006697710465179434,0.0,20.973209158139284,0.0,0.0,25.0,25.0,0.0,0.0,27.38001903622212,0.0,40.0,0.0,0.0,40.0,4.026790841860718,0.0,0.0,-22.587391035650576,2017.8288734835237,0.0,822.9894543077805,155.30016293343908,0.0,1229.1390000000001,56.496365712895184,0.0,1710.4831250118477
2,0,17,0.1111111111111111,174.91978002347628,96.20982932411393,20.574736357694512,174.3609313621434,95.90244993958903,232.92716838107566,64.30445571414707,0.008008819238576475,-0.017011654250753325,0.0,0.0,0.0,21.176036180017167,25.0,25.0,0.0,0.0,27.042805594597848,0.0,40.0,0.0,0.0,40.0,3.6960361800171673,0.0,0.12792763996566592,-21.624316589525893,0.0,2030.8337496730226,822.9894543077805,30.821085281244905,-8.226317258787514,1229.1390000000001,11.212346934007066,0.0,1652.5192595868286
2,0,18,0.1111111111111111,65.5949175088036,36.07621705204149,7.715526134135441,65.38534926080376,35.960957670839534,80.07841157503309,28.11051337484542,0.012635034041643116,0.004159327005877231,19.347105550497993,0.0,100.0,0.0,25.0,25.0,0.0,0.0,27.042805594597848,0.0,0.0,0.0,14.144999999999989,14.144999999999989,145.5528944495019,1.2057888990039203,0.0,120.37417189298286,-1269.0717926190323,-6538.534926080376,109.13611716734573,6.447633741076703,96.55765972704194,1229.1390000000001,0.0,26.80838347785626,-9044.528010995882
2,0,19,0.1111111111111111,65.5949175088036,36.07621705204149,7.715526134135441,65.38534926080376,35.960957670839534,74.42895367718663,31.21763016208317,0.017225964743145295,-2.352032104169885e-05,87.13999999999983,0.0,100.0,0.0,25.0,25.0,0.0,0.0,27.042805594597848,0.0,0.0,0.0,20.889999999999983,20.889999999999983,212.13501039909428,0.0,0.004989600905531688,186.77515999560998,-5715.941111717135,-6538.534926080376,161.17734094208924,12.982041262364492,-0.15576351572528352,1229.1390000000001,0.0,53.97756052264574,-13363.277452599978
2,0,20,0.1111111111111111,116.61318668231752,64.13330236407266,13.716490905129673,116.2406209080956,63.928403809042415,145.76575408665886,48.10037784478128,0.07152669080931177,0.01180547077567681,0.0,0.0,0.0,12.413139943550467,25.0,25.0,0.0,0.0,24.031155455258403,0.0,40.0,0.0,0.9440000000000112,40.94400000000001,12.586860056449554,2.1316282072803006e-14,0.0,-15.341728772046908,0.0,793.5522228494482,561.6080036196295,187.8200728380089,3.107183930666058e-12,1229.1390000000001,100.13736713303649,10.128179418598666,203.57575275544815
2,0,21,0.1111111111111111,116.61318668231752,64.13330236407266,13.716490905129673,116.2406209080956,63.928403809042415,148.47035681779536,46.61293796198992,0.12686349564273688,-0.005440817686676822,0.0,18.78148645352367,0.0,3.4133336651305406,25.000000000000032,25.000000000000032,0.0,0.0,20.0,0.0,30.186758319194492,0.0,0.0,30.186758319194492,2.774820118654172,0.0,0.030359762691649195,-26.05477756384134,1204.5187495705682,218.20897287946397,414.05639594057874,245.6047461042347,-1.41515773488658,1229.1390000000001,134.03591888734186,0.0,720.6291033423903
2,0,22,0.1111111111111111,65.5949175088036,36.07621705204149,7.715526134135441,65.38534926080376,35.960957670839534,79.38043919719034,28.494387674191934,0.01023562665322529,0.02280434642665433,21.168925861501037,0.0,100.0,0.0,25.0,25.0,0.0,0.0,20.0,0.0,0.0,0.0,0.0,0.0,152.99107413849893,6.822148276997893,0.0,127.99107413849893,-1388.5739456351398,-6538.534926080376,0.0,0.0,541.5451264964481,1229.1390000000001,0.0,0.0,-9697.792998211964
2,0,23,0.1111111111111111,65.5949175088036,36.07621705204149,7.715526134135441,65.38534926080376,35.960957670839534,82.75989516312818,26.635737773021976,0.1419992266447957,0.028207455338299978,84.8308218162022,0.0,99.4544206021413,0.0,25.0,25.0,0.0,0.0,20.0,0.0,0.0,0.0,0.0,0.0,221.43475758165607,12.149515163312572,0.0,196.43475758165607,-5564.470759237801,-6502.862026601886,0.0,0.0,1005.4926011985846,1229.1390000000001,0.0,0.0,-14301.964387038272
2,1,0,0.1111111111111111,116.61318668231752,64.13330236407266,13.716490905129673,116.2406209080956,63.928403809042415,149.70662001680063,45.93303508137167,0.02175483174838958,-0.01583412637486572,0.0,0.0,0.0,0.0,20.0,20.0,17.49743554245601,0.0,33.69342542096127,0.0,0.0,17.49743554245601,0.0,17.49743554245601,2.460414684062836,0.0,0.04214977348115401,-0.42280353973557633,0.0,0.0,240.00341548119056,24.412583087217904,-1.9360670239817164,1057.3390000000002,599.0873621670556,0.0,-1390.0742965746658
2,1,1,0.1111111111111111,116.61318668231752,64.13330236407266,13.716490905129673,116.2406209080956,63.928403809042415,138.12378437097712,52.303202314093376,0.07131983740925939,0.008230484930499925,0.0,0.0,0.0,0.0,25.0,25.0,22.449176873125847,0.0,50.37190960381152,0.0,0.0,22.449176873125836,0.0,22.449176873125836,2.550823126874165,1.1546319456101628e-14,0.0,-1.601071644563029,0.0,0.0,307.9239304078779,102.68201188730457,1.5948213388329992e-12,1229.1390000000001,729.6836829996981,0.0,-1548.2167407045174
2,1,2,0.1111111111111111,65.5949175088036,36.07621705204149,7.715526134135441,65.38534926080376,35.960957670839534,75.66081903567333,30.540122761518287,0.08419725471763563,-0.028317238829607856,261.72999999999996,0.0,89.04887422742576,0.0,25.0,25.0,0.0,0.0,50.37190960381152,0.0,0.0,0.0,0.0,0.0,375.7788742274258,5.684341886080802e-14,0.0,350.7788742274258,-17168.157759579164,-5822.49174264162,0.0,0.0,4.300819627796575e-12,1229.1390000000001,0.0,0.0,-24219.788502220785
2,1,3,0.1111111111111111,65.5949175088036,36.07621705204149,7.715526134135441,65.38534926080376,35.960957670839534,80.265255114443,28.007752241231387,0.08209609912496638,-0.03671652737761515,139.2319491918159,0.0,100.0,0.0,25.0,25.0,16.65194919181589,0.0,62.599820900084055,0.0,0.0,16.651949191815902,24.479,41.1309491918159,238.48972215185,0.0,9.09027784814998,226.76498086171063,-9132.908221827098,-6538.534926080376,317.34691341125256,121.81821874458105,-254.59824977493867,1229.139,534.9711192119235,301.4445615720078,-17043.23444676063
2,1,4,0.1111111111111111,87.45989001173814,48.10491466205696,10.287368178847256,87.1804656810717,47.95122496979452,107.08024927806696,37.3132739680317,0.0584437234484363,-0.037086951918621935,0.0,0.0,9.327850164101129,0.0,25.0,25.0,0.0,0.0,60.67294973221802,0.0,31.321201002666555,0.0,3.265,34.586201002666556,34.32785016410113,0.0,0.0,7.306503797569254,0.0,-813.2063211095974,355.800983622047,97.23669446447474,0.0,1229.1390000000001,64.06846633154555,28.622813558871677,-1681.998922913493
2,1,5,0.1111111111111111,87.45989001173814,48.10491466205696,10.287368178847256,87.1804656810717,47.95122496979452,106.26421626325347,37.762110555109004,0.06660789045492745,-0.031893141345756444,40.77391269506979,0.0,0.5801313970920603,0.0,25.0,25.0,0.0,0.0,58.476908547689206,0.0,31.321201002666545,0.0,6.53,37.85120100266654,66.35404409216184,0.0,7.105427357601002e-15,38.83285544218879,-3566.0819196590173,-50.576125354696536,389.38924072598314,121.28156485390032,-2.6831593341902507e-13,1229.1390000000001,73.01836938558318,65.24242870060144,-4473.387037520015
2,1,6,0.1111111111111111,116.61318668231752,64.13330236407266,13.716490905129673,116.2406209080956,63.928403809042415,154.09073437877592,43.52192069564441,0.023340044062615445,-0.04207195435422111,0.0,4.986539460143091,0.0,2.7567489757509875,25.0,25.0,0.0,0.0,57.49416985031593,0.0,40.0,0.0,1.3060000000000012,41.306000000000004,15.863288435894107,0.0,1.393423128211814,-10.100795424156285,319.8032429477365,176.2345617219732,566.5733733272863,61.82988170093421,-60.64445088151132,1229.1390000000001,32.67606168766162,4.57231463186637,-81.30186574008643
2,1,7,0.1111111111111111,116.61318668231752,64.13330236407266,13.716490905129673,116.2406209080956,63.928403809042415,163.3833113159891,38.4113181693688,0.07257352217615241,0.006724343536501787,0.0,21.21471646830271,0.0,0.0,24.999999999999957,24.999999999999957,0.0,0.0,54.43844260079372,0.0,40.0,0.0,0.0,40.0,3.785283531697247,0.0,0.0,-24.117657355348808,1360.5698258297296,0.0,548.6596362051869,186.17518565395665,0.0,1229.1389999999976,101.60293104661338,0.0,764.662716642262
2,1,8,0.1111111111111111,174.91978002347628,96.20982932411393,20.574736357694512,174.3609313621434,95.90244993958903,211.81341352937304,75.91749770631547,0.1271984577825151,-0.010699705676095671,0.0,0.0,0.0,20.957201177295616,25.0,25.0,0.0,0.0,49.08271806258256,0.0,40.0,0.0,0.0,40.0,3.9572011772956173,0.0,0.08559764540876813,-26.13073713400499,0.0,2009.8469367794892,822.9894543077805,489.5096765418515,-6.49835904898616,1229.1390000000001,178.07784089552115,0.0,1921.6275857825858
2,1,9,0.1111111111111111,174.91978002347628,96.20982932411393,20.574736357694512,174.3609313621434,95.90244993958903,226.47735370400142,67.85199944630928,0.12187607371954075,-0.020886467410460154,0.0,20.702067972201963,0.0,0.0,25.0,25.0,0.0,0.0,43.95109390597032,0.0,40.0,0.0,0.0,40.0,4.122067972201963,0.0,0.17586405559607599,-25.75297497657967,1991.7424262617562,0.0,822.9894543077805,469.0270500500057,-11.932727802930652,1229.1390000000001,170.62650320735705,0.0,1895.9261552151156
2,1,10,0.1111111111111111,174.91978002347628,96.20982932411393,20.574736357694512,174.3609313621434,95.90244993958903,230.36039468111963,65.71623921600862,0.4698008870333951,0.029893365405155303,0.0,17.166032659846138,0.0,0.0,21.666666666666664,23.232669623444647,0.0,0.0,25.81842809064629,3.3333333333333335,36.66666666666668,0.0,0.0,40.000000000000014,4.500634006820529,3.552713678800501e-15,0.0,-35.958068141181954,1651.5410723759624,0.0,822.9894543077808,1807.9785263120116,8.184045252374959e-13,1137.5205932793706,602.9111383595239,0.0,2542.077321356859
2,1,11,0.1111111111111111,174.91978002347628,96.20982932411393,20.574736357694512,174.3609313621434,95.90244993958903,226.69854040668415,67.7303417646508,0.1381876671528492,0.009607296793788068,0.0,20.487055383331768,0.0,0.0,25.0,25.0,0.0,0.0,20.000000000000007,0.0,40.0,0.0,0.0,40.0,4.512944616668233,0.0,0.0,-26.014562069445738,1971.056101784019,0.0,822.9894543077805,531.8004748589234,0.0,1229.1390000000001,193.4627340139889,0.0,1903.2442969367337
2,1,12,0.1111111111111111,65.5949175088036,36.07621705204149,7.715526134135441,65.38534926080376,35.960957670839534,87.06047644946418,24.270482813825133,0.1038729501778176,0.011774490397312083,272.35280911330267,0.0,100.0,0.0,25.0,25.0,21.402809113302634,0.0,35.343708950888974,0.0,0.0,21.40280911330265,0.0,21.40280911330265,380.3766196648694,4.426619664869349,0.0,374.5562558534806,-17864.960047078024,-6538.534926080376,165.13393305759877,80.2036689753898,385.383617084093,1229.139,671.2872666013923,0.0,-26443.967254810894
2,1,13,0.1111111111111111,65.5949175088036,36.07621705204149,7.715526134135441,65.38534926080376,35.960957670839534,79.54423614538798,28.404301818761947,0.21982397403143705,-0.011691850467093538,326.6518963991772,0.0,7.924257645380294,0.0,25.0,25.0,0.0,0.0,35.343708950888974,0.0,0.0,0.0,0.0,0.0,359.5761540445574,0.0,5.684341886080802e-14,334.5761540445574,-21426.70419839829,-518.130353775785,0.0,0.0,-1.6145976257326963e-12,1229.1390000000001,0.0,0.0,-23173.973552174073
2,1,14,0.1111111111111111,116.61318668231752,64.13330236407266,13.716490905129673,116.2406209080956,63.928403809042415,151.40944660735437,44.996538140394705,0.07045236062179329,0.003522382223047924,0.0,1.9073109606949012,0.0,0.0,21.66666666666666,21.901507868739305,0.0,0.0,32.377293766813466,3.3333333333333393,40.0,0.0,1.5319999999999947,44.86533333333334,19.75935570597176,8.881784197001252e-16,0.0,-5.068179604111864,122.32215054455601,0.0,615.3949366222779,202.71694444137628,1.344786030153905e-13,1068.5131679154456,98.6333048705106,16.18995247088804,-242.90239364863407
2,1,15,0.1111111111111111,116.61318668231752,64.13330236407266,13.716490905129673,116.2406209080956,63.928403809042415,167.77086426439044,35.99831267759049,0.02069981698317156,0.0025512099174071624,0.0,17.412652633533533,0.0,0.03327343938084937,21.666666666666664,21.73566605661057,0.0,0.0,31.50572252541677,3.3333333333333335,40.0,0.0,0.0,43.333333333333336,4.220740593752284,0.0,0.0,-18.342918142185148,1116.7309163069722,2.127117868854633,594.3812725556191,57.52706359671736,0.0,1059.915928374692,28.979743776440184,0.0,681.8706981770314
2,1,16,0.1111111111111111,174.91978002347628,96.20982932411393,20.574736357694512,174.3609313621434,95.90244993958903,228.12373714976331,66.94645136994228,0.009680743912515154,-0.006697710465179434,0.0,20.973209158139284,0.0,0.0,25.0,25.0,0.0,0.0,31.09811225541613,0.0,40.0,0.0,0.0,40.0,3.9732091581392823,0.0,0.05358168372143268,-21.414020598361322,2017.8288734835237,0.0,822.9894543077805,37.25530878214151,-3.587103583576521,1229.1390000000001,13.553041477521216,0.0,1638.968698679501
2,1,17,0.1111111111111111,174.91978002347628,96.20982932411393,20.574736357694512,174.3609313621434,95.90244993958903,209.6310704712571,77.11783567335281,0.1613028038455217,0.017011654250753325,0.0,0.0,0.0,21.176036180017167,25.0,25.0,0.0,0.0,24.306415251394164,0.0,40.0,0.0,0.0,40.0,3.823963819982832,0.0,0.0,-27.628148333838034,0.0,2030.8337496730226,822.9894543077805,620.7566090991468,0.0,1229.139,225.8239253837304,0.0,2019.6168876962197
2,1,18,0.1111111111111111,65.5949175088036,36.07621705204149,7.715526134135441,65.38534926080376,35.960957670839534,84.40734339710545,25.729666047830925,0.09151031643650341,-0.004159327005877231,19.347105550497993,0.0,100.0,0.0,25.0,25.0,0.0,0.0,24.306415251394164,0.0,0.0,0.0,14.144999999999989,14.144999999999989,144.3471055504981,1.1368683772161603e-13,0.0,118.05269212450376,-1269.0717926190323,-6538.534926080376,109.13611716734573,46.697539711248446,9.596003951299446e-12,1229.1390000000001,0.0,194.16201389915096,-9075.074075719975
2,1,19,0.1111111111111111,65.5949175088036,36.07621705204149,7.715526134135441,65.38534926080376,35.960957670839534,88.48990368552337,23.484319355028944,0.11441866236150325,2.352032104169885e-05,87.13999999999983,0.0,100.0,0.0,25.0,25.0,0.0,0.0,24.306415251394164,0.0,0.0,0.0,20.889999999999983,20.889999999999983,212.14498960090586,0.004989600906043279,0.0,184.75478374417406,-5715.941111717135,-6538.534926080376,161.17734094208924,86.22958528651723,0.4415293036049699,1229.1390000000004,0.0,358.53087850977016,-13595.18051938228
2,1,20,0.1111111111111111,116.61318668231752,64.13330236407266,13.716490905129673,116.2406209080956,63.928403809042415,147.74604769800126,47.01128344165987,0.044510571273737,-0.01180547077567681,0.0,0.0,0.0,12.413139943550467,25.0,25.0,0.0,0.0,22.432285934605236,0.0,40.0,0.0,0.9440000000000112,40.94400000000001,12.293139943550713,0.0,0.2937201128988196,-14.529300886681176,0.0,793.5522228494482,561.6080036196295,116.8791488058933,-13.808159480002747,1229.139,62.3147997832318,6.302696892361233,188.0910380793809
2,1,21,0.1111111111111111,116.61318668231752,64.13330236407266,13.716490905129673,116.2406209080956,63.928403809042415,140.14957801935682,51.189084431930624,0.07654586867002952,0.005440817686676822,0.0,18.78148645352367,0.0,3.4133336651305406,25.000000000000032,25.000000000000032,0.0,0.0,19.999999999999993,0.0,30.186758319194492,0.0,0.0,30.186758319194492,2.8051798813458286,7.105427357601002e-15,0.0,-24.505491756529185,1204.5187495705682,218.20897287946397,414.05639594057874,148.19100281592327,9.95822645814974e-13,1229.1390000000001,80.8735073256244,0.0,674.9626138809087
2,1,22,0.1111111111111111,65.5949175088036,36.07621705204149,7.715526134135441,65.38534926080376,35.960957670839534,90.5013979859488,22.378027774262005,0.26189192460424826,-0.02280434642665433,21.168925861501037,0.0,100.0,0.0,25.0,25.0,0.0,0.0,19.999999999999993,0.0,0.0,0.0,0.0,0.0,146.16892586150104,0.0,0.0,121.16892586150104,-1388.5739456351398,-6538.534926080376,0.0,0.0,0.0,1229.1390000000001,0.0,0.0,-9156.247871715517
2,1,23,0.1111111111111111,65.5949175088036,36.07621705204149,7.715526134135441,65.38534926080376,35.960957670839534,76.37040352473883,30.14986197582779,0.0759362366094844,-0.028207455338299978,84.8308218162022,0.0,99.4544206021413,0.0,25.0,25.0,0.0,0.0,19.999999999999993,0.0,0.0,0.0,0.0,0.0,209.28524241834353,2.842170943040401e-14,0.0,184.28524241834353,-5564.470759237801,-6502.862026601886,0.0,0.0,2.170577418062829e-12,1229.1390000000001,0.0,0.0,-13296.47178583969
2,2,0,0.1111111111111111,116.61318668231752,64.13330236407266,13.716490905129673,116.2406209080956,63.928403809042415,149.0273515239107,46.30660974201082,0.023798241553940457,0.0,0.0,0.0,0.0,0.0,20.0,20.0,17.49743554245601,0.0,33.66482187587371,0.0,0.0,17.49743554245601,0.0,17.49743554245601,2.5,0.0,0.0025644575439898176,-0.41897265515786114,0.0,0.0,240.00341548119056,26.705632844448928,-0.11875133468949203,1057.339,597.8359570694748,0.0,-1388.347157409146
2,2,1,0.1111111111111111,116.61318668231752,64.13330236407266,13.716490905129673,116.2406209080956,63.928403809042415,144.34874621066012,48.879684174958776,0.04113530939992708,0.0,0.0,0.0,0.0,0.0,25.0,25.0,22.449176873125847,0.0,50.88540030521462,0.0,0.0,22.449176873125836,0.0,22.449176873125836,2.53,0.0,0.02082312687415344,-0.9442769633238722,0.0,0.0,307.9239304078779,59.22414411229272,-1.0178278651437167,1229.1390000000001,753.4003062836645,0.0,-1614.3734038983503
2,2,2,0.1111111111111111,65.5949175088036,36.07621705204149,7.715526134135441,65.38534926080376,35.960957670839534,76.55329396814695,30.049274985498098,0.1759350912226555,0.0,261.72999999999996,0.0,89.04887422742576,0.0,25.0,25.0,0.0,0.0,50.88540030521462,0.0,0.0,0.0,0.0,0.0,386.73,10.9511257725743,0.0,361.73,-17168.157759579164,-5822.49174264162,0.0,0.0,838.3447505500308,1229.1390000000001,0.0,0.0,-25058.13325277081
2,2,3,0.1111111111111111,65.5949175088036,36.07621705204149,7.715526134135441,65.38534926080376,35.960957670839534,88.19692568995237,23.645452841602395,0.024289830947781057,0.0,139.2319491918159,0.0,100.0,0.0,25.0,25.0,16.65194919181589,0.0,63.88338123401113,0.0,0.0,16.651949191815902,24.479,41.1309491918159,247.57999999999996,0.0,2.842170943040401e-14,238.2328853892249,-9132.908221827098,-6538.534926080376,317.34691341125256,36.04244259111013,-6.72044190014344e-13,1229.1390000000001,568.6616656348475,89.18861576560987,-17205.04307330557
2,2,4,0.1111111111111111,87.45989001173814,48.10491466205696,10.287368178847256,87.1804656810717,47.95122496979452,110.66220842744428,35.343115542487794,0.0073660607597011854,0.0,0.0,0.0,9.327850164101129,0.0,25.0,25.0,0.0,0.0,63.64052452911381,0.0,31.321201002666555,0.0,3.265,34.586201002666556,35.65,1.3221498358988697,0.0,10.395235941967119,0.0,-813.2063211095974,355.800983622047,12.255403270631016,146.31202071255197,1229.1390000000001,8.074985437835945,3.607528257063656,-1832.2834686243712
2,2,5,0.1111111111111111,87.45989001173814,48.10491466205696,10.287368178847256,87.1804656810717,47.95122496979452,102.18930441272974,40.00340409890994,0.009270733329941836,0.0,40.77391269506979,0.0,0.5801313970920603,0.0,25.0,25.0,0.0,0.0,63.33487136904094,0.0,31.321201002666545,0.0,6.53,37.85120100266654,68.53999999999999,2.1859559078381423,0.0,43.189091609286244,-3566.0819196590173,-50.576125354696536,389.38924072598314,16.880418189484615,223.3813136988769,1229.1390000000001,10.162967572422993,9.080683296678028,-4682.152350666224
2,2,6,0.1111111111111111,116.61318668231752,64.13330236407266,13.716490905129673,116.2406209080956,63.928403809042415,149.99751262564064,45.77305400059533,0.019903099388702557,0.0,0.0,4.986539460143091,0.0,2.7567489757509875,25.0,25.0,0.0,0.0,62.496846131621886,0.0,40.0,0.0,1.3060000000000012,41.306000000000004,16.56000000000001,0.0,0.6967115641059118,-9.26211742334974,319.8032429477365,176.2345617219732,566.5733733272863,52.72510529046171,-31.890616046659137,1229.1390000000001,27.864339144183578,3.8990171702468346,-113.67545698031378
2,2,7,0.1111111111111111,116.61318668231752,64.13330236407266,13.716490905129673,116.2406209080956,63.928403809042415,141.09885233823957,50.66701571353423,0.11011678203163104,0.0,0.0,21.21471646830271,0.0,0.0,24.999999999999957,24.999999999999957,0.0,0.0,57.860350046079525,0.0,40.0,0.0,0.0,40.0,3.76,0.0,0.025283531697247952,-25.6446712812652,1360.5698258297296,0.0,548.6596362051869,282.48611509573107,-1.2810410977981026,1229.1389999999978,154.16349484428346,0.0,809.6941233841643
2,2,8,0.1111111111111111,174.91978002347628,96.20982932411393,20.574736357694512,174.3609313621434,95.90244993958903,198.5422070186226,83.21696099830567,0.06235209021214857,0.0,0.0,0.0,0.0,20.957201177295616,25.0,25.0,0.0,0.0,55.23499887925222,0.0,40.0,0.0,0.0,40.0,4.0,0.0,0.042798822704384065,-23.494083608485944,0.0,2009.8469367794892,822.9894543077805,239.95535829250272,-3.5615879597641276,1229.1390000000001,87.292926297008,0.0,1759.921411042528
2,2,9,0.1111111111111111,174.91978002347628,96.20982932411393,20.574736357694512,174.3609313621434,95.90244993958903,208.91981557404068,77.5090419294889,0.03169645778832534,0.0,0.0,20.702067972201963,0.0,0.0,25.0,25.0,0.0,0.0,53.90041118290168,0.0,40.0,0.0,0.0,40.0,4.21,0.0,0.08793202779803622,-22.057858311533014,1991.7424262617562,0.0,822.9894543077805,121.9804317597505,-6.8155272295429725,1229.1390000000001,44.375040903655474,0.0,1670.0137986551747
2,2,10,0.1111111111111111,174.91978002347628,96.20982932411393,20.574736357694512,174.3609313621434,95.90244993958903,220.16506847429335,71.32389887651568,0.02077847117746802,0.0,0.0,17.166032659846138,0.0,0.0,21.666666666666664,21.735928237258225,0.0,0.0,53.09843510236782,3.3333333333333335,36.66666666666668,0.0,0.0,40.000000000000014,4.37,0.0,0.13063400682052517,-18.127805513765384,1651.5410723759624,0.0,822.9894543077808,79.96372662400877,-9.317326692301197,1059.9295198194666,26.665704677750632,0.0,1477.216355502836
2,2,11,0.1111111111111111,174.91978002347628,96.20982932411393,20.574736357694512,174.3609313621434,95.90244993958903,225.50927642375171,68.38446381307715,0.05302880137743166,0.0,0.0,20.487055383331768,0.0,0.0,25.0,25.0,0.0,0.0,50.86564346542333,0.0,40.0,0.0,0.0,40.0,4.47,0.0,0.04294461666823324,-22.651152055097267,1971.056101784019,0.0,822.9894543077805,204.0756771914015,-2.9367445845152655,1229.1390000000001,74.24032192840433,0.0,1697.6786559393117
2,2,12,0.1111111111111111,65.5949175088036,36.07621705204149,7.715526134135441,65.38534926080376,35.960957670839534,82.07039934334722,27.014950093055074,0.051128911921576654,0.0,272.35280911330267,0.0,100.0,0.0,25.0,25.0,21.402809113302634,0.0,67.11244888244275,0.0,0.0,21.40280911330265,0.0,21.40280911330265,375.94999999999993,0.0,1.1368683772161603e-13,371.2585067712742,-17864.960047078024,-6538.534926080376,165.13393305759877,39.478288811572796,-3.071244247286708e-12,1229.1390000000001,710.7977369945992,0.0,-26138.81948828382
2,2,13,0.1111111111111111,65.5949175088036,36.07621705204149,7.715526134135441,65.38534926080376,35.960957670839534,81.48592461174225,27.336402395758014,0.03699878519112234,0.0,326.6518963991772,0.0,7.924257645380294,0.0,25.0,25.0,0.0,0.0,67.11244888244275,0.0,0.0,0.0,0.0,0.0,363.83000000000004,4.253845955442557,0.0,338.83000000000004,-21426.70419839829,-518.130353775785,0.0,0.0,346.6285708351569,1229.1390000000001,0.0,0.0,-23520.60212300923
2,2,14,0.1111111111111111,116.61318668231752,64.13330236407266,13.716490905129673,116.2406209080956,63.928403809042415,148.7038460344106,46.484526802377836,0.04774256355984863,0.0,0.0,1.9073109606949012,0.0,0.0,21.66666666666666,21.82580854519949,0.0,0.0,65.10223567992281,3.3333333333333393,40.0,0.0,1.5319999999999947,44.86533333333334,19.689999999999948,0.0,0.06935570597181151,-4.118652694967175,122.32215054455601,0.0,615.3949366222779,137.37263761261266,-3.2239671731445085,1064.5889149831416,66.83958898378808,10.971241106053178,-264.08605312039174
2,2,15,0.1111111111111111,116.61318668231752,64.13330236407266,13.716490905129673,116.2406209080956,63.928403809042415,142.77432839643603,49.74556063884521,0.031547085669121094,0.0,0.0,17.412652633533533,0.0,0.03327343938084937,21.666666666666664,21.771823618897066,0.0,0.0,63.77393733595982,3.3333333333333335,40.0,0.0,0.0,43.333333333333336,4.21,0.0,0.010740593752281313,-18.823707045661912,1116.7309163069722,2.127117868854633,594.3812725556191,87.6728139699987,-0.5342968578013121,1061.790336403624,44.165919936769534,0.0,695.4901612188526
2,2,16,0.1111111111111111,174.91978002347628,96.20982932411393,20.574736357694512,174.3609313621434,95.90244993958903,234.4282996334222,63.47879962447,0.24582113725333885,0.0,0.0,20.973209158139284,0.0,0.0,25.0,25.0,0.0,0.0,53.42357366213503,0.0,40.0,0.0,0.0,40.0,4.0,0.0,0.02679084186071634,-30.832845490133554,2017.8288734835237,0.0,822.9894543077805,946.0163863761325,-1.7006504822472757,1229.1390000000001,344.1495921546744,0.0,2215.2467724950093
2,2,17,0.1111111111111111,174.91978002347628,96.20982932411393,20.574736357694512,174.3609313621434,95.90244993958903,218.6319084650886,72.16717150578808,0.008744925088581134,0.0,0.0,0.0,0.0,21.176036180017167,25.0,25.0,0.0,0.0,53.05536628998424,0.0,40.0,0.0,0.0,40.0,3.76,0.0,0.06396381998283474,-21.589797003543246,0.0,2030.8337496730226,822.9894543077805,33.65391000898211,-4.616087966866589,1229.1390000000001,12.24289512401359,0.0,1650.711306832638
2,2,18,0.1111111111111111,65.5949175088036,36.07621705204149,7.715526134135441,65.38534926080376,35.960957670839534,82.7171937616698,26.659222900924323,0.06405728232911327,0.0,19.347105550497993,0.0,100.0,0.0,25.0,25.0,0.0,0.0,53.05536628998424,0.0,0.0,0.0,14.144999999999989,14.144999999999989,144.95,0.6028944495020028,0.0,119.04390974145468,-1269.0717926190323,-6538.534926080376,109.13611716734573,32.688308836020866,49.869736997292414,1229.1390000000001,0.0,135.91353878179598,-9080.704568475128
2,2,19,0.1111111111111111,65.5949175088036,36.07621705204149,7.715526134135441,65.38534926080376,35.960957670839534,84.03346696784226,25.93529245495203,0.02580329443513401,0.0,87.13999999999983,0.0,100.0,0.0,25.0,25.0,0.0,0.0,53.05536628998424,0.0,0.0,0.0,20.889999999999983,20.889999999999983,212.14000000000007,2.5579538487363607e-13,0.0,186.60096917925011,-5715.941111717135,-6538.534926080376,161.17734094208924,19.44619288711523,2.1495373025305195e-11,1229.1390000000001,0.0,80.85462311249235,-13383.846127080822
2,2,20,0.1111111111111111,116.61318668231752,64.13330236407266,13.716490905129673,116.2406209080956,63.928403809042415,136.9090552731237,52.97126216855307,0.10223149345901586,0.0,0.0,0.0,0.0,12.413139943550467,25.0,25.0,0.0,0.0,48.750882354867784,0.0,40.0,0.0,0.9440000000000112,40.94400000000001,12.440000000000135,0.0,0.14686005644939826,-16.74576626818581,0.0,793.5522228494482,561.6080036196295,268.44701370290534,-7.7793625522695775,1229.1390000000001,143.1240908426222,14.475979473796817,244.64753240783335
2,2,21,0.1111111111111111,116.61318668231752,64.13330236407266,13.716490905129673,116.2406209080956,63.928403809042415,139.1421093771681,51.74315805679288,0.04813173239640436,0.0,0.0,18.78148645352367,0.0,3.4133336651305406,25.000000000000032,25.000000000000032,0.0,0.0,47.22147080398947,0.0,30.186758319194492,0.0,0.0,30.186758319194492,2.79,0.0,0.015179881345822821,-23.662940973334436,1204.5187495705682,218.20897287946397,414.05639594057874,93.18190276000526,-0.785454999760272,1229.1390000000001,50.85293406670408,0.0,650.7595420836723
2,2,22,0.1111111111111111,65.5949175088036,36.07621705204149,7.715526134135441,65.38534926080376,35.960957670839534,90.39327917249084,22.437491493858793,0.0778546629025153,0.0,21.168925861501037,0.0,100.0,0.0,25.0,25.0,0.0,0.0,47.22147080398947,0.0,0.0,0.0,0.0,0.0,149.57999999999998,3.4110741384989467,0.0,124.57999999999998,-1388.5739456351398,-6538.534926080376,0.0,0.0,308.338176879399,1229.1390000000001,0.0,0.0,-9464.586048594916
2,2,23,0.1111111111111111,65.5949175088036,36.07621705204149,7.715526134135441,65.38534926080376,35.960957670839534,82.93111163326874,26.541571292229513,0.08888146514605978,0.0,84.8308218162022,0.0,99.4544206021413,0.0,25.0,25.0,0.0,0.0,47.22147080398947,0.0,0.0,0.0,0.0,0.0,215.3599999999998,6.074757581656286,0.0,190.3599999999998,-5564.470759237801,-6502.862026601886,0.0,0.0,503.7863991493831,1229.1390000000001,0.0,0.0,-13800.25818498907
