scenario,rt,prob_joint,hour,price_buy_eur_mwh,price_sell_eur_mwh,base_load_mw,batch_load_mw,total_load_mw,production_units,demand_units,inventory_units,p_mt_mw,mt_on,mt_startup,mt_shutdown,p_bess_ch_mw,p_bess_dis_mw,soc_mwh,p_net_grid_mw,p_buy_mw,p_sell_mw,grid_buy_cost_eur,grid_sell_revenue_eur,grid_cost_eur,mt_fuel_cost_eur,mt_startstop_cost_eur,bess_degradation_cost_eur,cost_eur,rt_load_rel_dev,price_id_buy_eur_mwh,price_id_sell_eur_mwh,r_plus,r_minus,price_bal_deficit_eur_mwh,price_bal_surplus_eur_mwh,p_da_buy_mw,p_da_sell_mw,p_id_buy_mw,p_id_sell_mw,p_market_net_mw,imb_net_mw,imb_deficit_mw,imb_surplus_mw,da_cost_eur,id_cost_eur,bal_cost_eur,soc_model_mwh
0,0,0.1111111111111111,0,118.08,64.94,2.502564457543989,0.0,2.502564457543989,0.0,8.0,42.0,20.0,1,1,0,17.49743554245601,0.0,33.99794843396481,0.0,0.0,0.0,0.0,0.0,0.0,969.9390000000001,87.4,87.48717771228004,1144.8261777122802,0.001025783017595525,117.55242898436306,64.64985381304655,1.2265698782179968,0.7734301217820032,144.83337121998105,50.226552108523286,0.0,0.0,0.0,0.0,0.0,0.0,0.0,0.0,0.0,0.0,0.0,33.99794843396481
0,0,0.1111111111111111,1,118.08,64.94,2.6141210092683305,0.0,2.6141210092683305,0.0,8.0,34.0,25.0,1,0,0,0.0,0.0,33.99794843396481,-22.38587899073167,0.0,22.38587899073167,0.0,1513.293241335367,-1513.293241335367,1229.1390000000001,0.0,0.0,-284.1542413353668,0.0332494107779964,122.91729684036481,67.60034939713152,1.2888905986299635,0.7111094013700365,152.1922018862261,46.17944452497017,0.0,0.0,0.0,22.38587899073167,-22.38587899073167,0.0,0.0,0.0,0.0,-1513.293241335367,0.0,33.99794843396481
0,0,0.1111111111111111,2,66.42,36.53,2.759771964688022,239.87979890786386,242.63957087255187,24.44624003447533,8.0,50.44624003447533,25.0,1,0,0,39.44584955880438,0.0,65.55462808100832,257.0854204313563,257.0854204313563,0.0,17042.677723142122,0.0,17042.677723142122,1229.1390000000001,0.0,197.22924779402192,18469.045970936142,0.049342952352860216,63.44764591003819,34.895250001410645,1.3487612066106234,0.6512387933893765,89.58471934307761,23.789753122513925,145.6758495588044,0.0,100.0,0.0,245.6758495588044,11.409570872551882,11.409570872551882,0.0,9675.789927695789,6344.764591003819,1022.1232044425134,65.55462808100832
0,0,0.1111111111111111,3,66.42,36.53,2.838429940376986,231.18452317249688,234.02295311287386,24.553759965524673,8.0,67.0,25.0,1,0,0,40.0,0.0,97.55462808100832,249.02295311287386,249.02295311287386,0.0,15790.971073894912,0.0,15790.971073894912,1229.1390000000001,0.0,200.0,17220.110073894914,0.017358401568812108,57.84384166462652,31.813242035664057,1.4090402540711433,0.5909597459288567,93.58845367540535,21.587759518781137,145.03,0.0,100.0,0.0,245.03,3.992953112873863,3.992953112873863,0.0,9632.892600000001,5784.384166462652,373.6943074322611,97.55462808100832
0,0,0.1111111111111111,4,88.56,48.71,3.009791318024197,32.75656217783001,35.76635349585421,3.2352941176470584,8.0,62.23529411764706,25.0,1,0,0,0.0,0.0,97.55462808100832,10.766353495854212,10.766353495854212,0.0,888.7263862671977,0.0,888.7263862671977,1229.1390000000001,0.0,0.0,2117.8653862671977,0.003263772674732535,82.33672364246883,45.28705745962801,1.1490658279539827,0.8509341720460173,101.76126972360471,41.4490035203615,0.0,0.0,10.649999999999999,0.0,10.649999999999999,0.11635349585421295,0.11635349585421295,0.0,0.0,876.8861067922928,11.840279474904888,97.55462808100832
0,0,0.1111111111111111,5,88.56,48.71,3.205335379229401,64.60135810607403,67.80669348530343,6.470588235294117,8.0,60.705882352941174,25.0,1,0,0,0.0,0.0,97.55462808100832,42.80669348530343,42.80669348530343,0.0,3307.5099863478868,24.592767091294775,3282.917219256592,1229.1390000000001,0.0,0.0,4512.056219256592,-0.010698957027962685,75.96485958539016,41.78238832886579,1.311500349852542,0.6884996501474581,116.14647098294111,33.53681795868268,0.0,0.0,43.53999999999999,0.0,43.53999999999999,-0.7333065146965652,0.0,0.7333065146965652,0.0,3307.5099863478868,-24.592767091294775,97.55462808100832
0,0,0.1111111111111111,6,118.08,64.94,3.5253892042773227,13.154738002246251,16.680127206523572,1.2941176470588245,8.0,54.0,25.0,1,0,0,8.319872793476428,0.0,104.21052631578947,0.0,0.0,0.0,0.0,0.0,0.0,1229.1390000000001,0.0,41.59936396738214,1270.7383639673822,0.007254058364949432,118.59584539728094,65.22369749406694,1.2747829382163927,0.7252170617836073,150.52636934459164,47.09559599222746,0.0,0.0,0.0,0.0,0.0,0.0,0.0,0.0,0.0,0.0,0.0,104.21052631578947
0,0,0.1111111111111111,7,118.08,64.94,3.771305900691849,0.0,3.771305900691849,0.0,8.0,46.0,25.0,1,0,0,0.0,0.0,104.21052631578947,-21.22869409930815,0.0,21.22869409930815,0.0,1677.7138961816818,-1677.7138961816818,1229.1390000000001,0.0,0.0,-448.57489618168165,0.003006888481874837,143.70063356486392,79.03048055303407,1.2323634367882883,0.7676365632117117,145.51747461596108,49.850318414968555,0.0,0.0,0.0,21.22869409930815,-21.22869409930815,0.0,0.0,0.0,0.0,-1677.7138961816818,0.0,104.21052631578947
0,0,0.1111111111111111,8,177.12,97.42,4.078917551517128,0.0,4.078917551517128,0.0,8.0,38.0,25.0,1,0,0,0.0,0.0,104.21052631578947,-20.92108244848287,0.0,20.92108244848287,0.0,2038.1318521312012,-2038.1318521312012,1229.1390000000001,0.0,0.0,-808.9928521312011,0.019729387879281954,163.74888175400017,90.06558299726004,1.1767014238620186,0.8232985761379813,208.41735619444074,80.20574728736214,0.0,20.92108244848287,0.0,0.0,-20.92108244848287,0.0,0.0,0.0,-2038.1318521312012,0.0,0.0,104.21052631578947
0,0,0.1111111111111111,9,177.12,97.42,4.073182736094722,0.0,4.073182736094722,0.0,8.0,30.0,25.0,1,0,0,0.0,0.0,104.21052631578947,-20.926817263905278,0.0,20.926817263905278,0.0,2029.4006001350228,-2029.4006001350228,1229.1390000000001,0.0,0.0,-800.2616001350227,-0.03249816244780945,160.6284265965173,88.34926218966076,1.3484927762635766,0.6515072237364234,238.8450405318047,63.46983373640237,0.0,20.653182736094724,0.0,0.0,-20.653182736094724,-0.27363452781055386,0.0,0.27363452781055386,-2012.033062150348,0.0,-17.367537984674826,104.21052631578947
0,0,0.1111111111111111,10,177.12,97.42,4.44908945355233,0.0,4.44908945355233,0.0,8.0,22.0,25.0,1,0,0,0.0,40.0,62.105263157894726,-60.55091054644767,0.0,60.55091054644767,0.0,6176.364512399574,-6176.364512399574,1229.1390000000001,0.0,200.0,-4747.225512399574,0.018098273124102827,189.73746069898127,104.35988833160997,1.1636842913572059,0.8363157086427941,206.1117616851883,81.473876335981,0.0,20.565424656033365,0.0,39.9854858904143,-60.55091054644767,0.0,0.0,0.0,-2003.4836699907705,-4172.880842408803,0.0,62.10526315789473
0,0,0.1111111111111111,11,177.12,97.42,4.508194326377349,0.0,4.508194326377349,0.0,8.0,14.0,25.0,1,0,0,0.0,40.0,19.999999999999986,-60.49180567362265,0.0,60.49180567362265,0.0,6088.130834389972,-6088.130834389972,1229.1390000000001,0.0,200.0,-4658.991834389972,0.008544592030726801,185.9909607688878,102.2992287607557,1.28331080831257,0.7166891916874302,227.3000103683224,69.81986105418945,0.0,20.522553312630897,0.0,39.96925236099175,-60.49180567362265,0.0,0.0,0.0,-1999.307143716502,-4088.82369067347,0.0,20.0
0,0,0.1111111111111111,12,66.42,36.53,4.59655127143657,232.78978550230985,237.38633677374642,17.222222222222218,8.0,23.222222222222218,25.0,1,0,0,0.0,0.0,19.999999999999986,212.38633677374642,212.38633677374642,0.0,14270.793888437203,0.0,14270.793888437203,1229.1390000000001,0.0,0.0,15499.932888437204,0.021455838097015588,67.16470643011831,36.93957732448393,1.3531953547417626,0.6468046452582374,89.87923546194787,23.627773691283416,144.12976417083848,0.0,63.27023582916152,0.0,207.4,4.986336773746416,4.986336773746416,0.0,9573.098936227092,4249.526815229987,448.1681369801236,20.0
0,0,0.1111111111111111,13,66.42,36.53,4.512893721467162,264.7362397411901,269.2491334626573,20.162393162393165,8.0,35.38461538461539,25.0,1,0,0,40.0,0.0,51.999999999999986,284.2491334626573,284.2491334626573,0.0,18012.856277353585,0.0,18012.856277353585,1229.1390000000001,0.0,200.0,19441.995277353584,0.009595910842765487,57.498885417593584,31.62352129335582,1.147903514401628,0.8520964855983719,76.24375142655614,31.127084618908526,181.6900000000001,0.0,100.0,0.0,281.6900000000001,2.5591334626572007,2.5591334626572007,0.0,12067.849800000007,5749.888541759358,195.1179355942175,52.0
0,0,0.1111111111111111,14,118.08,64.94,4.355400620514921,20.272047739421897,24.627448359936817,1.6153846153846183,8.0,29.0,25.0,1,0,0,0.0,0.0,51.999999999999986,-0.37255164006318253,0.0,0.37255164006318253,0.0,21.73194673508745,-21.73194673508745,1229.1390000000001,0.0,0.0,1207.4070532649127,-0.0033408191041371877,117.01617133835727,64.35493027365278,1.2182640494223995,0.7817359505776006,143.85261895579694,50.76593263050938,0.0,0.0,0.0,0.20744835993672694,-0.20744835993672694,-0.1651032801264556,0.0,0.1651032801264556,0.0,-13.350324739111688,-8.381621995975763,52.0
0,0,0.1111111111111111,15,118.08,64.94,4.248353741367649,0.0,4.248353741367649,0.0,8.0,21.0,25.0,1,0,0,0.0,0.0,51.999999999999986,-20.751646258632352,0.0,20.751646258632352,0.0,1488.7950514479294,-1488.7950514479294,1229.1390000000001,0.0,0.0,-259.65605144792926,0.009110152343859769,130.4507021841554,71.74346713955836,1.1613693557564275,0.8386306442435725,137.13449352771897,54.4606740371776,0.0,0.0,0.0,20.751646258632352,-20.751646258632352,0.0,0.0,0.0,0.0,-1488.7950514479294,0.0,52.0
0,0,0.1111111111111111,16,177.12,97.42,4.101017664268154,0.0,4.101017664268154,0.0,8.0,13.0,25.0,1,0,0,0.0,0.0,51.999999999999986,-20.898982335731844,0.0,20.898982335731844,0.0,2035.9788591469962,-2035.9788591469962,1229.1390000000001,0.0,0.0,-806.8398591469961,0.02525441606703857,144.10365127991267,79.2602625772871,1.2571545202358236,0.7428454797641764,222.6672086241691,72.36800663862606,0.0,20.898982335731844,0.0,0.0,-20.898982335731844,0.0,0.0,0.0,-2035.9788591469962,0.0,0.0,52.0
0,0,0.1111111111111111,17,177.12,97.42,3.7986976671158614,0.0,3.7986976671158614,0.0,8.0,5.0,25.0,1,0,0,0.0,30.400000000000002,19.99999999999998,-51.601302332884146,0.0,51.601302332884146,0.0,5026.998873269574,-5026.998873269574,1229.1390000000001,0.0,152.0,-3645.8598732695737,0.010291932743580305,164.60071945048372,90.534112967853,1.3764455657344223,0.6235544342655777,243.79603860288088,60.746672986152575,0.0,51.601302332884146,0.0,3.375077994860476e-15,-51.601302332884146,0.0,0.0,0.0,-5026.998873269574,-3.0555969246201313e-13,0.0,20.0
0,0,0.1111111111111111,18,66.42,36.53,3.508779019761622,399.29905244887254,402.80783146863416,31.655019902697923,8.0,28.655019902697923,20.0,1,0,0,0.0,0.0,19.99999999999998,382.80783146863416,382.80783146863416,0.0,25119.657216340685,1.1657962799555569e-12,25119.657216340685,969.9390000000001,0.0,0.0,26089.596216340684,0.002508291360463453,49.707327622621506,27.338281813525498,1.4385736368227147,0.5614263631772853,95.55006095776471,20.508905046866236,364.47210736141244,0.0,18.33572410722178,0.0,382.8078314686342,-5.684341886080802e-14,0.0,5.684341886080802e-14,24208.237370945015,911.4198453956722,-1.1657962799555569e-12,20.0
0,0,0.1111111111111111,19,66.42,36.53,3.298196042381269,354.71894843462246,358.01714447700374,27.821170573492545,8.0,48.47619047619047,25.0,1,0,0,0.0,0.0,19.99999999999998,333.01714447700374,333.01714447700374,0.0,20984.21122352731,0.0,20984.21122352731,1229.1390000000001,0.0,0.0,22213.350223527308,0.017961741475700264,54.483892597266106,29.96532063502154,1.14019391690959,0.85980608309041,75.73167996113497,31.408716215292678,226.6999999999999,0.0,100.00000000000003,0.0,326.69999999999993,6.317144477003808,6.317144477003808,0.0,15057.413999999993,5448.389259726612,478.4079638007037,20.0
0,0,0.1111111111111111,20,118.08,64.94,2.9696666084360643,7.6914365158495155,10.661103124285578,0.5238095238095309,8.0,41.0,20.0,1,0,0,0.0,0.0,19.99999999999998,-9.338896875714422,0.0,9.338896875714422,0.0,458.55507300803174,-458.55507300803174,969.9390000000001,0.0,0.0,511.38392699196834,-0.01011113052131195,89.16063758516736,49.035330325040384,1.2011349782263758,0.7988650217736242,141.83001822897046,51.87829451397915,0.0,0.0,0.0,9.121103124285359,-9.121103124285359,-0.21779375142906332,0.0,0.21779375142906332,0.0,-447.25630462809045,-11.298768379941315,20.0
0,0,0.1111111111111111,21,118.08,64.94,2.67167084809747,0.0,2.67167084809747,0.0,8.0,33.0,25.0,1,0,0,0.0,0.0,19.99999999999998,-22.32832915190253,0.0,22.32832915190253,0.0,1445.4654708915803,-1445.4654708915803,1229.1390000000001,0.0,0.0,-216.32647089158013,-0.042411882402340666,113.45839950183935,62.3982762842941,1.2951620258881893,0.7048379741118107,152.9327320168774,45.77217803882098,0.0,22.09167084809747,0.0,0.0,-22.09167084809747,-0.23665830380506137,0.0,0.23665830380506137,-1434.6331048754496,0.0,-10.832366016130655,20.0
0,0,0.1111111111111111,22,66.42,36.53,2.5880053047458564,238.8246720387146,241.41267734346044,22.5,8.0,47.5,25.0,1,0,0,0.0,0.0,19.99999999999998,216.41267734346044,216.41267734346044,0.0,13458.79207210639,88.16979375217595,13370.622278354213,1229.1390000000001,0.0,0.0,14599.761278354214,-0.015967564735415676,54.664734721063894,30.064781080404458,1.3838580080452614,0.6161419919547386,91.91584889436626,22.5076669661066,120.32999999999998,0.0,100.0,0.0,220.32999999999998,-3.9173226565395396,0.0,3.9173226565395396,7992.318599999999,5466.47347210639,-88.16979375217595,20.0
0,0,0.1111111111111111,23,66.42,36.53,2.4650444799173106,127.69515001500518,130.1601944949225,11.5,8.0,51.0,25.0,1,0,0,0.0,0.0,19.99999999999998,105.16019449492251,105.16019449492251,0.0,7228.395594174612,0.0,7228.395594174612,1229.1390000000001,0.0,0.0,8457.534594174613,-0.02567411860975851,68.85655475821859,37.870068432967855,1.2711912010803,0.7288087989197001,84.43251957575352,26.623385424536643,5.160194494922493,0.0,100.0,0.0,105.1601944949225,1.4210854715202004e-14,1.4210854715202004e-14,0.0,342.740118352752,6885.655475821859,1.1998582689294823e-12,20.0
0,1,0.1111111111111111,0,118.08,64.94,2.497435542456011,0.0,2.497435542456011,0.0,8.0,42.0,20.0,1,1,0,17.49743554245601,0.0,33.99794843396481,-0.005128915087979635,0.0,0.005128915087979635,0.0,0.2694332886955698,-0.2694332886955698,969.9390000000001,87.4,87.48717771228004,1144.5567444235846,-0.001025783017595525,117.55242898436306,64.64985381304655,1.1910653122570203,0.8089346877429797,140.64099207130894,52.5322186220291,0.0,0.0,0.0,0.0,0.0,-0.005128915087979635,0.0,0.005128915087979635,0.0,0.0,-0.2694332886955698,33.99794843396481
0,1,0.1111111111111111,1,118.08,64.94,2.445878990731669,0.0,2.445878990731669,0.0,8.0,34.0,25.0,1,0,0,0.0,0.0,33.99794843396481,-22.554121009268332,0.0,22.554121009268332,0.0,1521.3642055669516,-1521.3642055669516,1229.1390000000001,0.0,0.0,-292.22520556695144,-0.0332494107779964,122.91729684036481,67.60034939713152,1.2612820227151336,0.7387179772848664,148.93218124220297,47.972345444879224,0.0,0.0,0.0,22.38587899073167,-22.38587899073167,-0.1682420185366631,0.0,0.1682420185366631,0.0,-1513.293241335367,-8.070964231584576,33.99794843396481
0,1,0.1111111111111111,2,66.42,36.53,2.5002280353119777,217.32020109213616,219.82042912744814,24.44624003447533,8.0,50.44624003447533,25.0,1,0,0,39.44584955880438,0.0,65.55462808100832,234.26627868625252,234.26627868625252,0.0,16020.554518699608,317.6740984275181,15702.88042027209,1229.1390000000001,0.0,197.22924779402192,17129.24866806611,-0.049342952352860216,63.44764591003819,34.895250001410645,1.2378107424560651,0.762189257543935,82.21538951393185,27.842773578079946,145.6758495588044,0.0,100.0,0.0,245.6758495588044,-11.409570872551882,0.0,11.409570872551882,9675.789927695789,6344.764591003819,-317.6740984275181,65.55462808100832
0,1,0.1111111111111111,3,66.42,36.53,2.7415700596230144,223.29547682750317,226.03704688712617,24.553759965524673,8.0,67.0,25.0,1,0,0,40.0,0.0,97.55462808100832,241.03704688712617,241.03704688712617,0.0,15417.276766462652,113.06848614996568,15304.208280312687,1229.1390000000001,0.0,200.0,16733.347280312686,-0.017358401568812108,57.84384166462652,31.813242035664057,1.2248286825164467,0.7751713174835532,81.3531210927424,28.317008227674197,145.03,0.0,100.0,0.0,245.03,-3.9929531128738347,0.0,3.9929531128738347,9632.892600000001,5784.384166462652,-113.06848614996568,97.55462808100832
0,1,0.1111111111111111,4,88.56,48.71,2.9902086819758025,32.543437822169984,35.533646504145786,3.2352941176470584,8.0,62.23529411764706,25.0,1,0,0,0.0,0.0,97.55462808100832,10.533646504145786,10.533646504145786,0.0,876.8861067922928,4.580899720978984,872.3052070713138,1229.1390000000001,0.0,0.0,2101.444207071314,-0.003263772674732535,82.33672364246883,45.28705745962801,1.1917360311475482,0.8082639688524517,105.54014291842687,39.370537922802924,0.0,0.0,10.649999999999999,0.0,10.649999999999999,-0.11635349585421295,0.0,0.11635349585421295,0.0,876.8861067922928,-4.580899720978984,97.55462808100832
0,1,0.1111111111111111,5,88.56,48.71,3.2746646207705994,65.99864189392596,69.27330651469656,6.470588235294117,8.0,60.705882352941174,25.0,1,0,0,0.0,0.0,97.55462808100832,44.27330651469656,44.27330651469656,0.0,3389.884740162671,0.0,3389.884740162671,1229.1390000000001,0.0,0.0,4619.023740162671,0.010698957027962685,75.96485958539016,41.78238832886579,1.2684430654291883,0.7315569345708118,112.33331787440892,35.63413828294424,0.0,0.0,43.53999999999999,0.0,43.53999999999999,0.7333065146965652,0.7333065146965652,0.0,0.0,3307.5099863478868,82.37475381478417,97.55462808100832
0,1,0.1111111111111111,6,118.08,64.94,3.4746107957226773,12.965261997753771,16.439872793476447,1.2941176470588245,8.0,54.0,25.0,1,0,0,8.319872793476428,0.0,104.21052631578947,-0.24025441304712558,0.0,0.24025441304712558,0.0,11.512401899526038,-11.512401899526038,1229.1390000000001,0.0,41.59936396738214,1259.225962067856,-0.007254058364949432,118.59584539728094,65.22369749406694,1.2621258693520856,0.7378741306479144,149.03182265309425,47.91754604427556,0.0,0.0,0.0,0.0,0.0,-0.24025441304712558,0.0,0.24025441304712558,0.0,0.0,-11.512401899526038,104.21052631578947
0,1,0.1111111111111111,7,118.08,64.94,3.7486940993081506,0.0,3.7486940993081506,0.0,8.0,46.0,25.0,1,0,0,0.0,0.0,104.21052631578947,-21.25130590069185,0.0,21.25130590069185,0.0,1678.841011933349,-1678.841011933349,1229.1390000000001,0.0,0.0,-449.7020119333488,-0.003006888481874837,143.70063356486392,79.03048055303407,1.2324245554289066,0.7675754445710933,145.5246915050453,49.846349370446795,0.0,0.0,0.0,21.22869409930815,-21.22869409930815,-0.022611801383700225,0.0,0.022611801383700225,0.0,-1677.7138961816818,-1.1271157516670738,104.21052631578947
0,1,0.1111111111111111,8,177.12,97.42,3.9210824484828724,0.0,3.9210824484828724,0.0,8.0,38.0,25.0,1,0,0,0.0,0.0,104.21052631578947,-21.07891755151713,0.0,21.07891755151713,0.0,2050.069678770632,-2050.069678770632,1229.1390000000001,0.0,0.0,-820.9306787706319,-0.019729387879281954,163.74888175400017,90.06558299726004,1.2236214207144371,0.776378579285563,216.7278260369411,75.63480119399955,0.0,20.92108244848287,0.0,0.0,-20.92108244848287,-0.15783510303425885,0.0,0.15783510303425885,-2038.1318521312012,0.0,-11.937826639430604,104.21052631578947
0,1,0.1111111111111111,9,177.12,97.42,4.346817263905277,0.0,4.346817263905277,0.0,8.0,30.0,25.0,1,0,0,0.0,0.0,104.21052631578947,-20.653182736094724,0.0,20.653182736094724,0.0,2012.033062150348,-2012.033062150348,1229.1390000000001,0.0,0.0,-782.894062150348,0.03249816244780945,160.6284265965173,88.34926218966076,1.1625500487569498,0.8374499512430502,205.91086463583096,81.58437425009795,0.0,20.653182736094724,0.0,0.0,-20.653182736094724,0.0,0.0,0.0,-2012.033062150348,0.0,0.0,104.21052631578947
0,1,0.1111111111111111,10,177.12,97.42,4.2909105464476704,0.0,4.2909105464476704,0.0,8.0,22.0,25.0,1,0,0,0.0,40.0,62.105263157894726,-60.70908945355233,0.0,60.70908945355233,0.0,6188.5912004496695,-6188.5912004496695,1229.1390000000001,0.0,200.0,-4759.452200449669,-0.018098273124102827,189.73746069898127,104.35988833160997,1.2065635715816512,0.7934364284183489,213.70653979854205,77.29657685651556,0.0,20.565424656033365,0.0,39.9854858904143,-60.55091054644767,-0.15817890710466287,0.0,0.15817890710466287,-2003.4836699907705,-4172.880842408803,-12.226688050095207,62.10526315789473
0,1,0.1111111111111111,11,177.12,97.42,4.431805673622651,0.0,4.431805673622651,0.0,8.0,14.0,25.0,1,0,0,0.0,40.0,19.999999999999986,-60.56819432637735,0.0,60.56819432637735,0.0,6093.0183865778745,-6093.0183865778745,1229.1390000000001,0.0,200.0,-4663.879386577874,-0.008544592030726801,185.9909607688878,102.2992287607557,1.3432282985737307,0.6567717014262693,237.9125962433792,63.982699152947156,0.0,20.522553312630897,0.0,39.96925236099175,-60.49180567362265,-0.07638865275470152,0.0,0.07638865275470152,-1999.307143716502,-4088.82369067347,-4.887552187903015,20.0
0,1,0.1111111111111111,12,66.42,36.53,4.40344872856343,223.01021449769016,227.4136632262536,17.222222222222218,8.0,23.222222222222218,25.0,1,0,0,0.0,0.0,19.999999999999986,202.4136632262536,202.4136632262536,0.0,13822.625751457079,141.0358613394153,13681.589890117664,1229.1390000000001,0.0,0.0,14910.728890117665,-0.021455838097015588,67.16470643011831,36.93957732448393,1.2257195818995694,0.7742804181004305,81.4122946297694,28.284463673208727,144.12976417083848,0.0,63.27023582916152,0.0,207.4,-4.986336773746416,0.0,4.986336773746416,9573.098936227092,4249.526815229987,-141.0358613394153,20.0
0,1,0.1111111111111111,13,66.42,36.53,4.427106278532838,259.7037602588102,264.130866537343,20.162393162393165,8.0,35.38461538461539,25.0,1,0,0,40.0,0.0,51.999999999999986,279.130866537343,279.130866537343,0.0,17817.738341759366,78.97861391413656,17738.75972784523,1229.1390000000001,0.0,200.0,19167.89872784523,-0.009595910842765487,57.498885417593584,31.62352129335582,1.1551747223163071,0.8448252776836928,76.72670505624912,30.861467393785297,181.6900000000001,0.0,100.0,0.0,281.6900000000001,-2.559133462657087,0.0,2.559133462657087,12067.849800000007,5749.888541759358,-78.97861391413656,52.0
0,1,0.1111111111111111,14,118.08,64.94,4.3845993794850795,20.407952260578195,24.792551640063273,1.6153846153846183,8.0,29.0,25.0,1,0,0,0.0,0.0,51.999999999999986,-0.20744835993672694,0.0,0.20744835993672694,0.0,13.350324739111688,-13.350324739111688,1229.1390000000001,0.0,0.0,1215.7886752608883,0.0033408191041371877,117.01617133835727,64.35493027365278,1.3566638565580653,0.6433361434419347,160.19486818237635,41.778249155119234,0.0,0.0,0.0,0.20744835993672694,-0.20744835993672694,0.0,0.0,0.0,0.0,-13.350324739111688,0.0,52.0
0,1,0.1111111111111111,15,118.08,64.94,4.17164625863235,0.0,4.17164625863235,0.0,8.0,21.0,25.0,1,0,0,0.0,0.0,51.999999999999986,-20.82835374136765,0.0,20.82835374136765,0.0,1492.3806000854509,-1492.3806000854509,1229.1390000000001,0.0,0.0,-263.2416000854507,-0.009110152343859769,130.4507021841554,71.74346713955836,1.2802103413933126,0.7197896586066875,151.16723711172236,46.743140429918284,0.0,0.0,0.0,20.751646258632352,-20.751646258632352,-0.07670748273529782,0.0,0.07670748273529782,0.0,-1488.7950514479294,-3.585548637521558,52.0
0,1,0.1111111111111111,16,177.12,97.42,3.8989823357318456,0.0,3.8989823357318456,0.0,8.0,13.0,25.0,1,0,0,0.0,0.0,51.999999999999986,-21.101017664268156,0.0,21.101017664268156,0.0,2046.807306966588,-2046.807306966588,1229.1390000000001,0.0,0.0,-817.6683069665878,-0.02525441606703857,144.10365127991267,79.2602625772871,1.4498377789051398,0.5501622210948602,256.7952673996784,53.59680357906129,0.0,20.898982335731844,0.0,0.0,-20.898982335731844,-0.20203532853631145,0.0,0.20203532853631145,-2035.9788591469962,0.0,-10.828447819591801,52.0
0,1,0.1111111111111111,17,177.12,97.42,3.7213023328841377,0.0,3.7213023328841377,0.0,8.0,5.0,25.0,1,0,0,0.0,30.400000000000002,19.99999999999998,-51.67869766711587,0.0,51.67869766711587,0.0,5032.702593166796,-5032.702593166796,1229.1390000000001,0.0,152.0,-3651.5635931667957,-0.010291932743580305,164.60071945048372,90.534112967853,1.243523773129679,0.756476226870321,220.25293069672875,73.69591402170667,0.0,51.601302332884146,0.0,3.375077994860476e-15,-51.601302332884146,-0.07739533423172418,0.0,0.07739533423172418,-5026.998873269574,-3.0555969246201313e-13,-5.703719897222396,20.0
0,1,0.1111111111111111,18,66.42,36.53,3.491220980238378,397.30094755112736,400.79216853136575,31.655019902697923,8.0,28.655019902697923,20.0,1,0,0,0.0,0.0,19.99999999999998,380.79216853136575,380.79216853136575,0.0,25119.657216340685,58.30890230256599,25061.348314038118,969.9390000000001,0.0,0.0,26031.287314038116,-0.002508291360463453,49.707327622621506,27.338281813525498,1.2081055793912754,0.7918944206087246,80.24237258316852,28.927903184836712,364.47210736141244,0.0,18.33572410722178,0.0,382.8078314686342,-2.0156629372684733,0.0,2.0156629372684733,24208.237370945015,911.4198453956722,-58.30890230256599,20.0
0,1,0.1111111111111111,19,66.42,36.53,3.1818039576187314,342.2010515653774,345.3828555229961,27.821170573492545,8.0,48.47619047619047,25.0,1,0,0,0.0,0.0,19.99999999999998,320.3828555229961,320.3828555229961,0.0,20505.803259726606,195.04162279770262,20310.761636928903,1229.1390000000001,0.0,0.0,21539.9006369289,-0.017961741475700264,54.483892597266106,29.96532063502154,1.1548051931741559,0.8451948068258442,76.70216093062743,30.87496629334809,226.6999999999999,0.0,100.00000000000003,0.0,326.69999999999993,-6.317144477003808,0.0,6.317144477003808,15057.413999999993,5448.389259726612,-195.04162279770262,20.0
0,1,0.1111111111111111,20,118.08,64.94,3.0303333915639357,7.848563484150706,10.878896875714641,0.5238095238095309,8.0,41.0,20.0,1,0,0,0.0,0.0,19.99999999999998,-9.121103124285359,0.0,9.121103124285359,0.0,447.25630462809045,-447.25630462809045,969.9390000000001,0.0,0.0,522.6826953719096,0.01011113052131195,89.16063758516736,49.035330325040384,1.3555309937123403,0.6444690062876596,160.06109973755315,41.85181726832061,0.0,0.0,0.0,9.121103124285359,-9.121103124285359,0.0,0.0,0.0,0.0,-447.25630462809045,0.0,20.0
0,1,0.1111111111111111,21,118.08,64.94,2.9083291519025307,0.0,2.9083291519025307,0.0,8.0,33.0,25.0,1,0,0,0.0,0.0,19.99999999999998,-22.09167084809747,0.0,22.09167084809747,0.0,1434.6331048754496,-1434.6331048754496,1229.1390000000001,0.0,0.0,-205.49410487544947,0.042411882402340666,113.45839950183935,62.3982762842941,1.5166235012355955,0.48337649876440447,179.08290302589913,31.390469829760427,0.0,22.09167084809747,0.0,0.0,-22.09167084809747,0.0,0.0,0.0,-1434.6331048754496,0.0,0.0,20.0
0,1,0.1111111111111111,22,66.42,36.53,2.671994695254143,246.57532796128535,249.2473226565395,22.5,8.0,47.5,25.0,1,0,0,0.0,0.0,19.99999999999998,224.2473226565395,224.2473226565395,0.0,13767.59076580488,0.0,13767.59076580488,1229.1390000000001,0.0,0.0,14996.729765804881,0.015967564735415676,54.664734721063894,30.064781080404458,1.1868265108372278,0.8131734891627722,78.82901684980867,29.70522755911607,120.32999999999998,0.0,100.0,0.0,220.32999999999998,3.917322656539511,3.917322656539511,0.0,7992.318599999999,5466.47347210639,308.79869369849035,20.0
0,1,0.1111111111111111,23,66.42,36.53,2.5949555200826886,134.4248499849951,137.01980550507778,11.5,8.0,51.0,25.0,1,0,0,0.0,0.0,19.99999999999998,112.01980550507778,112.01980550507778,0.0,7773.689210525893,0.0,7773.689210525893,1229.1390000000001,0.0,0.0,9002.828210525893,0.02567411860975851,68.85655475821859,37.870068432967855,1.196828861099662,0.803171138900338,79.49337295423955,29.339841704029347,5.160194494922493,0.0,100.0,0.0,105.1601944949225,6.859611010155291,6.859611010155291,0.0,342.740118352752,6885.655475821859,545.2936163512824,20.0
0,2,0.1111111111111111,0,118.08,64.94,2.5,0.0,2.5,0.0,8.0,42.0,20.0,1,1,0,17.49743554245601,0.0,33.99794843396481,-0.0025644575439898176,0.0,0.0025644575439898176,0.0,0.11893871661942532,-0.11893871661942532,969.9390000000001,87.4,87.48717771228004,1144.7072389956606,0.0,117.55242898436306,64.64985381304655,1.285807228535918,0.7141927714640821,151.8281175455212,46.37967857887749,0.0,0.0,0.0,0.0,0.0,-0.0025644575439898176,0.0,0.0025644575439898176,0.0,0.0,-0.11893871661942532,33.99794843396481
0,2,0.1111111111111111,1,118.08,64.94,2.53,0.0,2.53,0.0,8.0,34.0,25.0,1,0,0,0.0,0.0,33.99794843396481,-22.47,0.0,22.47,0.0,1517.7383376280802,-1517.7383376280802,1229.1390000000001,0.0,0.0,-288.5993376280801,0.0,122.91729684036481,67.60034939713152,1.1862998154942885,0.8137001845057115,140.0782822135656,52.841689981800904,0.0,0.0,0.0,22.38587899073167,-22.38587899073167,-0.08412100926832977,0.0,0.08412100926832977,0.0,-1513.293241335367,-4.445096292713282,33.99794843396481
0,2,0.1111111111111111,2,66.42,36.53,2.63,228.60000000000002,231.23000000000002,24.44624003447533,8.0,50.44624003447533,25.0,1,0,0,39.44584955880438,0.0,65.55462808100832,245.6758495588044,245.6758495588044,0.0,16020.554518699608,0.0,16020.554518699608,1229.1390000000001,0.0,197.22924779402192,17446.92276649363,0.0,63.44764591003819,34.895250001410645,1.220366794940635,0.7796332050593651,81.05676251995698,28.480000980818605,145.6758495588044,0.0,100.0,0.0,245.6758495588044,0.0,0.0,0.0,9675.789927695789,6344.764591003819,0.0,65.55462808100832
0,2,0.1111111111111111,3,66.42,36.53,2.79,227.24,230.03,24.553759965524673,8.0,67.0,25.0,1,0,0,40.0,0.0,97.55462808100832,245.03,245.03,0.0,15417.276766462652,0.0,15417.276766462652,1229.1390000000001,0.0,200.0,16846.41576646265,0.0,57.84384166462652,31.813242035664057,1.2151874713651913,0.7848125286348087,80.71275184807601,28.669201671029562,145.03,0.0,100.0,0.0,245.03,0.0,0.0,0.0,9632.892600000001,5784.384166462652,0.0,97.55462808100832
0,2,0.1111111111111111,4,88.56,48.71,3.0,32.65,35.65,3.2352941176470584,8.0,62.23529411764706,25.0,1,0,0,0.0,0.0,97.55462808100832,10.649999999999999,10.649999999999999,0.0,876.8861067922928,0.0,876.8861067922928,1229.1390000000001,0.0,0.0,2106.0251067922927,0.0,82.33672364246883,45.28705745962801,1.2531668060810683,0.7468331939189317,110.98045234653941,36.37824487579116,0.0,0.0,10.649999999999999,0.0,10.649999999999999,0.0,0.0,0.0,0.0,876.8861067922928,0.0,97.55462808100832
0,2,0.1111111111111111,5,88.56,48.71,3.24,65.3,68.53999999999999,6.470588235294117,8.0,60.705882352941174,25.0,1,0,0,0.0,0.0,97.55462808100832,43.53999999999999,43.53999999999999,0.0,3307.5099863478868,0.0,3307.5099863478868,1229.1390000000001,0.0,0.0,4536.648986347887,0.0,75.96485958539016,41.78238832886579,1.3319241406806408,0.6680758593193592,117.95520189867756,32.541975107445985,0.0,0.0,43.53999999999999,0.0,43.53999999999999,0.0,0.0,0.0,0.0,3307.5099863478868,0.0,97.55462808100832
0,2,0.1111111111111111,6,118.08,64.94,3.5,13.060000000000011,16.56000000000001,1.2941176470588245,8.0,54.0,25.0,1,0,0,8.319872793476428,0.0,104.21052631578947,-0.12012720652356279,0.0,0.12012720652356279,0.0,5.924228059486093,-5.924228059486093,1229.1390000000001,0.0,41.59936396738214,1264.8141359078961,0.0,118.59584539728094,65.22369749406694,1.2405868614900861,0.7594131385099139,146.48849660474937,49.31628921483381,0.0,0.0,0.0,0.0,0.0,-0.12012720652356279,0.0,0.12012720652356279,0.0,0.0,-5.924228059486093,104.21052631578947
0,2,0.1111111111111111,7,118.08,64.94,3.76,0.0,3.76,0.0,8.0,46.0,25.0,1,0,0,0.0,0.0,104.21052631578947,-21.240000000000002,0.0,21.240000000000002,0.0,1678.2169281736021,-1678.2169281736021,1229.1390000000001,0.0,0.0,-449.077928173602,0.0,143.70063356486392,79.03048055303407,1.3148618422543368,0.6851381577456632,155.2588863333921,44.49287196400337,0.0,0.0,0.0,21.22869409930815,-21.22869409930815,-0.011305900691851889,0.0,0.011305900691851889,0.0,-1677.7138961816818,-0.5030319919203032,104.21052631578947
0,2,0.1111111111111111,8,177.12,97.42,4.0,0.0,4.0,0.0,8.0,38.0,25.0,1,0,0,0.0,0.0,104.21052631578947,-21.0,0.0,21.0,0.0,2044.2000117837829,-2044.2000117837829,1229.1390000000001,0.0,0.0,-815.0610117837828,0.0,163.74888175400017,90.06558299726004,1.2107124165485261,0.7892875834514739,214.44138321907496,76.89239637984258,0.0,20.92108244848287,0.0,0.0,-20.92108244848287,-0.07891755151712943,0.0,0.07891755151712943,-2038.1318521312012,0.0,-6.0681596525817625,104.21052631578947
0,2,0.1111111111111111,9,177.12,97.42,4.21,0.0,4.21,0.0,8.0,30.0,25.0,1,0,0,0.0,0.0,104.21052631578947,-20.79,0.0,20.79,0.0,2021.847052652301,-2021.847052652301,1229.1390000000001,0.0,0.0,-792.7080526523009,0.0,160.6284265965173,88.34926218966076,1.263696937200308,0.7363030627996922,223.82600151691855,71.730644377946,0.0,20.653182736094724,0.0,0.0,-20.653182736094724,-0.13681726390527515,0.0,0.13681726390527515,-2012.033062150348,0.0,-9.81399050195288,104.21052631578947
0,2,0.1111111111111111,10,177.12,97.42,4.37,0.0,4.37,0.0,8.0,22.0,25.0,1,0,0,0.0,40.0,62.105263157894726,-60.629999999999995,0.0,60.629999999999995,0.0,6183.099840502129,-6183.099840502129,1229.1390000000001,0.0,200.0,-4753.960840502129,0.0,189.73746069898127,104.35988833160997,1.1258377326678066,0.8741622673321935,199.40837921012192,85.16088808350229,0.0,20.565424656033365,0.0,39.9854858904143,-60.55091054644767,-0.07908945355232788,0.0,0.07908945355232788,-2003.4836699907705,-4172.880842408803,-6.7353281025551475,62.10526315789473
0,2,0.1111111111111111,11,177.12,97.42,4.47,0.0,4.47,0.0,8.0,14.0,25.0,1,0,0,0.0,40.0,19.999999999999986,-60.53,0.0,60.53,0.0,6091.276110266628,-6091.276110266628,1229.1390000000001,0.0,200.0,-4662.137110266628,0.0,185.9909607688878,102.2992287607557,1.1546982581262974,0.8453017418737026,204.52015547932982,82.3492956933361,0.0,20.522553312630897,0.0,39.96925236099175,-60.49180567362265,-0.03819432637735076,0.0,0.03819432637735076,-1999.307143716502,-4088.82369067347,-3.1452758766562448,20.0
0,2,0.1111111111111111,12,66.42,36.53,4.5,227.9,232.4,17.222222222222218,8.0,23.222222222222218,25.0,1,0,0,0.0,0.0,19.999999999999986,207.4,207.4,0.0,13822.625751457079,0.0,13822.625751457079,1229.1390000000001,0.0,0.0,15051.764751457078,0.0,67.16470643011831,36.93957732448393,1.3034554892735009,0.696544510726499,86.57551359754594,25.44477097683901,144.12976417083848,0.0,63.27023582916152,0.0,207.4,0.0,0.0,0.0,9573.098936227092,4249.526815229987,0.0,20.0
0,2,0.1111111111111111,13,66.42,36.53,4.47,262.22000000000014,266.69000000000017,20.162393162393165,8.0,35.38461538461539,25.0,1,0,0,40.0,0.0,51.999999999999986,281.69000000000017,281.69000000000017,0.0,17817.73834175937,0.0,17817.73834175937,1229.1390000000001,0.0,200.0,19246.87734175937,0.0,57.498885417593584,31.62352129335582,1.200219867085724,0.799780132914276,79.7186035718338,29.2159682553585,181.6900000000001,0.0,100.0,0.0,281.6900000000001,5.684341886080802e-14,5.684341886080802e-14,0.0,12067.849800000007,5749.888541759358,4.531477973832454e-12,52.0
0,2,0.1111111111111111,14,118.08,64.94,4.37,20.340000000000046,24.710000000000047,1.6153846153846183,8.0,29.0,25.0,1,0,0,0.0,0.0,51.999999999999986,-0.28999999999995296,0.0,0.28999999999995296,0.0,17.18650541698945,-17.18650541698945,1229.1390000000001,0.0,0.0,1211.9524945830108,0.0,117.01617133835727,64.35493027365278,1.2844152718297,0.7155847281703,151.66375529765097,46.470072247379285,0.0,0.0,0.0,0.20744835993672694,-0.20744835993672694,-0.08255164006322602,0.0,0.08255164006322602,0.0,-13.350324739111688,-3.8361806778777634,52.0
0,2,0.1111111111111111,15,118.08,64.94,4.21,0.0,4.21,0.0,8.0,21.0,25.0,1,0,0,0.0,0.0,51.999999999999986,-20.79,0.0,20.79,0.0,1490.58529216702,-1490.58529216702,1229.1390000000001,0.0,0.0,-261.4462921670199,0.0,130.4507021841554,71.74346713955836,1.2812275686161945,0.7187724313838055,151.28735130220025,46.67708169406433,0.0,0.0,0.0,20.751646258632352,-20.751646258632352,-0.03835374136764713,0.0,0.03835374136764713,0.0,-1488.7950514479294,-1.7902407190906797,52.0
0,2,0.1111111111111111,16,177.12,97.42,4.0,0.0,4.0,0.0,8.0,13.0,25.0,1,0,0,0.0,0.0,51.999999999999986,-21.0,0.0,21.0,0.0,2042.3228059707083,-2042.3228059707083,1229.1390000000001,0.0,0.0,-813.1838059707081,0.0,144.10365127991267,79.2602625772871,1.3553646961799444,0.6446353038200556,240.06219498739176,62.80037129814982,0.0,20.898982335731844,0.0,0.0,-20.898982335731844,-0.10101766426815573,0.0,0.10101766426815573,-2035.9788591469962,0.0,-6.343946823712021,52.0
0,2,0.1111111111111111,17,177.12,97.42,3.76,0.0,3.76,0.0,8.0,5.0,25.0,1,0,0,0.0,30.400000000000002,19.99999999999998,-51.64,0.0,51.64,0.0,5029.619309359268,-5029.619309359268,1229.1390000000001,0.0,152.0,-3648.480309359268,0.0,164.60071945048372,90.534112967853,1.3049106051463786,0.6950893948536214,231.12576638352658,67.7156088466398,0.0,51.601302332884146,0.0,3.375077994860476e-15,-51.601302332884146,-0.03869766711585498,0.0,0.03869766711585498,-5026.998873269574,-3.0555969246201313e-13,-2.6204360896947114,20.0
0,2,0.1111111111111111,18,66.42,36.53,3.5,398.29999999999995,401.79999999999995,31.655019902697923,8.0,28.655019902697923,20.0,1,0,0,0.0,0.0,19.99999999999998,381.79999999999995,381.79999999999995,0.0,25119.657216340685,24.877949164221658,25094.779267176466,969.9390000000001,0.0,0.0,26064.718267176464,0.0,49.707327622621506,27.338281813525498,1.3242641050895896,0.6757358949104104,87.95762186005054,24.684632241077292,364.47210736141244,0.0,18.33572410722178,0.0,382.8078314686342,-1.007831468634265,0.0,1.007831468634265,24208.237370945015,911.4198453956722,-24.877949164221658,20.0
0,2,0.1111111111111111,19,66.42,36.53,3.24,348.4599999999999,351.69999999999993,27.821170573492545,8.0,48.47619047619047,25.0,1,0,0,0.0,0.0,19.99999999999998,326.69999999999993,326.69999999999993,0.0,20505.803259726606,0.0,20505.803259726606,1229.1390000000001,0.0,0.0,21734.942259726606,0.0,54.483892597266106,29.96532063502154,1.2311251915924644,0.7688748084075356,81.77133522557149,28.086996751127277,226.6999999999999,0.0,100.00000000000003,0.0,326.69999999999993,0.0,0.0,0.0,15057.413999999993,5448.389259726612,0.0,20.0
0,2,0.1111111111111111,20,118.08,64.94,3.0,7.770000000000111,10.77000000000011,0.5238095238095309,8.0,41.0,20.0,1,0,0,0.0,0.0,19.99999999999998,-9.22999999999989,0.0,9.22999999999989,0.0,452.9573562842168,-452.9573562842168,969.9390000000001,0.0,0.0,516.9816437157833,0.0,89.16063758516736,49.035330325040384,1.1938288135033688,0.8061711864966312,140.96730629847778,52.35275685109123,0.0,0.0,0.0,9.121103124285359,-9.121103124285359,-0.10889687571453166,0.0,0.10889687571453166,0.0,-447.25630462809045,-5.701051656126378,20.0
0,2,0.1111111111111111,21,118.08,64.94,2.79,0.0,2.79,0.0,8.0,33.0,25.0,1,0,0,0.0,0.0,19.99999999999998,-22.21,0.0,22.21,0.0,1440.842755922324,-1440.842755922324,1229.1390000000001,0.0,0.0,-211.7037559223238,0.0,113.45839950183935,62.3982762842941,1.191903623399986,0.8080963766000141,140.73997985107036,52.47777869640491,0.0,22.09167084809747,0.0,0.0,-22.09167084809747,-0.11832915190253246,0.0,0.11832915190253246,-1434.6331048754496,0.0,-6.209651046874378,20.0
0,2,0.1111111111111111,22,66.42,36.53,2.63,242.7,245.32999999999998,22.5,8.0,47.5,25.0,1,0,0,0.0,0.0,19.99999999999998,220.32999999999998,220.32999999999998,0.0,13458.79207210639,0.0,13458.79207210639,1229.1390000000001,0.0,0.0,14687.931072106388,0.0,54.664734721063894,30.064781080404458,1.2064478288683327,0.7935521711316673,80.13226479343466,28.988460811439808,120.32999999999998,0.0,100.0,0.0,220.32999999999998,0.0,0.0,0.0,7992.318599999999,5466.47347210639,0.0,20.0
0,2,0.1111111111111111,23,66.42,36.53,2.53,131.06000000000014,133.59000000000015,11.5,8.0,51.0,25.0,1,0,0,0.0,0.0,19.99999999999998,108.59000000000015,108.59000000000015,0.0,7494.997007393137,0.0,7494.997007393137,1229.1390000000001,0.0,0.0,8724.136007393137,0.0,68.85655475821859,37.870068432967855,1.1702915867048682,0.8297084132951319,77.73076718893735,30.309248337671168,5.160194494922493,0.0,100.0,0.0,105.1601944949225,3.4298055050776526,3.4298055050776526,0.0,342.740118352752,6885.655475821859,266.6014132185267,20.0
1,0,0.1111111111111111,0,118.08,64.94,2.3559744557411477,0.0,2.3559744557411477,0.0,8.0,42.0,20.0,1,1,0,17.355974455741148,0.0,33.88477956459292,-0.28805108851770456,0.0,0.28805108851770456,0.0,14.912424521876522,-14.912424521876522,969.9390000000001,87.4,86.77987227870574,1129.2064477568292,-0.057610217703540856,115.68144891343708,63.620878154120966,1.2028015355078607,0.7971984644921393,142.0268053127682,51.770068284119525,0.0,0.0,0.0,0.0,0.0,-0.28805108851770456,0.0,0.28805108851770456,0.0,0.0,-14.912424521876522,33.88477956459292
1,0,0.1111111111111111,1,118.08,64.94,2.3931183510512626,0.0,2.3931183510512626,0.0,8.0,34.0,25.0,1,0,0,22.33311835105126,0.0,51.75127424543393,-0.27376329789747444,0.0,0.27376329789747444,0.0,13.64558642056729,-13.64558642056729,1229.1390000000001,0.0,111.66559175525632,1327.1590053346893,-0.054103418556813145,110.6323980250384,60.84407120381092,1.2324534993921248,0.7675465006078751,145.5281092082221,49.84446974947541,0.0,0.0,0.0,0.0,0.0,-0.27376329789747444,0.0,0.27376329789747444,0.0,0.0,-13.64558642056729,51.75127424543393
1,0,0.1111111111111111,2,66.42,36.53,2.5151100476000385,218.61374786363837,221.1288579112384,24.44624003447533,8.0,50.44624003447533,25.0,1,0,0,40.0,0.0,83.75127424543393,236.1288579112384,236.1288579112384,0.0,15809.847994713002,0.0,15809.847994713002,1229.1390000000001,0.0,200.0,17238.986994713003,-0.043684392547513815,67.81485965748038,37.29715181101714,1.2577382422536654,0.7422617577463346,83.53897405048846,27.114822010473606,145.6758495588044,0.0,90.45300835243401,0.0,236.1288579112384,0.0,0.0,0.0,9675.789927695789,6134.058067017213,0.0,83.75127424543393
1,0,0.1111111111111111,3,66.42,36.53,2.6369754889865975,214.77645523918082,217.4134307281674,24.553759965524673,8.0,67.0,25.0,1,0,0,0.0,0.0,83.75127424543393,192.4134307281674,192.4134307281674,0.0,13157.491925721424,0.0,13157.491925721424,1229.1390000000001,0.0,0.0,14386.630925721423,-0.05484749498688255,74.38463765829015,40.9104307988157,1.215895324373536,0.784104675626464,80.75976744489026,28.64334380063473,145.03,0.0,47.38343072816738,0.0,192.41343072816738,2.842170943040401e-14,2.842170943040401e-14,0.0,9632.892600000001,3524.599325721422,2.295330643985672e-12,83.75127424543393
1,0,0.1111111111111111,4,88.56,48.71,2.793817109371073,30.406042873655178,33.19985998302625,3.2352941176470584,8.0,62.23529411764706,25.0,1,0,0,0.0,0.0,83.75127424543393,8.19985998302625,8.19985998302625,0.0,761.7820039705475,0.0,761.7820039705475,1229.1390000000001,0.0,0.0,1990.9210039705476,-0.06872763020964234,92.90183070777304,51.09810494326587,1.1342033326861678,0.8657966673138322,100.44504714268702,42.172955664856765,0.0,0.0,8.19985998302625,0.0,8.19985998302625,0.0,0.0,0.0,0.0,761.7820039705475,0.0,83.75127424543393
1,0,0.1111111111111111,5,88.56,48.71,3.1092424442956834,62.66467025077411,65.77391269506978,6.470588235294117,8.0,60.705882352941174,25.0,1,0,0,0.0,0.0,83.75127424543393,40.77391269506978,40.77391269506978,0.0,4105.702744248992,5.303216887712764e-13,4105.702744248991,1229.1390000000001,0.0,0.0,5334.841744248991,-0.04035727027911008,100.69435266008787,55.384167999919605,1.2338724851362617,0.7661275148637383,109.27174728366734,37.3180712490127,0.0,0.0,40.7739126950698,0.0,40.7739126950698,-1.4210854715202004e-14,0.0,1.4210854715202004e-14,0.0,4105.702744248992,-5.303216887712764e-13,83.75127424543393
1,0,0.1111111111111111,6,118.08,64.94,3.4906186699789994,13.02499423712165,16.515612907100646,1.2941176470588245,8.0,54.0,25.0,1,0,0,8.395612907100627,0.0,90.46776457111443,-0.08877418579872653,0.0,0.08877418579872653,0.0,4.290798131642481,-4.290798131642481,1229.1390000000001,0.0,41.97806453550314,1266.8262664038607,-0.002680380006000108,114.66367361058342,63.06113621503461,1.255715284073628,0.7442847159263719,148.274860743414,48.33384945225859,0.0,0.0,0.0,0.0,0.0,-0.08877418579872653,0.0,0.08877418579872653,0.0,0.0,-4.290798131642481,90.46776457111443
1,0,0.1111111111111111,7,118.08,64.94,3.732915223991312,0.0,3.732915223991312,0.0,8.0,46.0,25.0,1,0,0,21.212915223991313,0.0,107.43809675030748,-0.054169552017373945,0.0,0.054169552017373945,0.0,2.3537550691527467,-2.3537550691527467,1229.1390000000001,0.0,106.06457611995657,1332.849821050804,-0.007203397874651029,94.63170043761048,52.044229559776625,1.3308958245077247,0.6691041754922753,157.15217895787214,43.45162515646835,0.0,0.0,0.0,0.0,0.0,-0.054169552017373945,0.0,0.054169552017373945,0.0,0.0,-2.3537550691527467,107.43809675030748
1,0,0.1111111111111111,8,177.12,97.42,3.9113266262679884,0.0,3.9113266262679884,0.0,8.0,38.0,25.0,1,0,0,0.0,18.844828593352947,87.60143507309385,-39.93350196708496,0.0,39.93350196708496,0.0,3986.239463953016,-3986.239463953016,1229.1390000000001,0.0,94.22414296676473,-2662.8763209862514,-0.022168343433002894,186.8527535316368,102.7732342426155,1.2842403225654624,0.7157596774345375,227.4646459327947,69.72930777567264,0.0,20.92108244848287,0.0,18.835072771138066,-39.756155219620936,-0.17734674746402135,0.0,0.17734674746402135,-2038.1318521312012,-1935.7413458848814,-12.366265936933235,87.60143507309385
1,0,0.1111111111111111,9,177.12,97.42,4.192902538924123,0.0,4.192902538924123,0.0,8.0,30.0,25.0,1,0,0,0.0,40.0,45.49617191519911,-60.80709746107588,0.0,60.80709746107588,0.0,6218.041481719566,-6218.041481719566,1229.1390000000001,0.0,200.0,-4788.902481719566,-0.004061154649851939,190.48265672375533,104.7697629744142,1.1970372332243968,0.8029627667756032,212.01923474870517,78.22463273927926,0.0,20.653182736094724,0.0,40.119719802829394,-60.772902538924114,-0.03419492215176234,0.0,0.03419492215176234,-2012.033062150348,-4203.333534342348,-2.674885226869854,45.49617191519911
1,0,0.1111111111111111,10,177.12,97.42,4.434575343966635,0.0,4.434575343966635,0.0,8.0,22.0,25.0,1,0,0,0.0,0.0,45.49617191519911,-20.565424656033365,0.0,20.565424656033365,0.0,2003.4836699907705,-2003.4836699907705,1229.1390000000001,0.0,0.0,-774.3446699907704,0.01477696658275405,161.25929656033185,88.69625491704792,1.192352177534838,0.807647822465162,211.18941768497052,78.68105086455608,0.0,20.565424656033365,0.0,0.0,-20.565424656033365,0.0,0.0,0.0,-2003.4836699907705,0.0,0.0,45.49617191519911
1,0,0.1111111111111111,11,177.12,97.42,4.477446687369103,0.0,4.477446687369103,0.0,8.0,14.0,25.0,1,0,0,0.0,0.0,45.49617191519911,-20.522553312630897,0.0,20.522553312630897,0.0,1999.307143716502,-1999.307143716502,1229.1390000000001,0.0,0.0,-770.1681437165018,0.0016659255859289728,164.50761540761675,90.48290364165551,1.4368719687912879,0.5631280312087121,254.4987631123129,54.85993280035274,0.0,20.522553312630897,0.0,0.0,-20.522553312630897,0.0,0.0,0.0,-1999.307143716502,0.0,0.0,45.49617191519911
1,0,0.1111111111111111,12,66.42,36.53,4.563322122337465,231.10691370682406,235.67023582916153,17.222222222222218,8.0,23.222222222222218,25.0,1,0,0,40.0,0.0,77.49617191519911,250.67023582916153,250.67023582916153,0.0,16543.98128492791,0.0,16543.98128492791,1229.1390000000001,0.0,200.0,17973.12028492791,0.014071582741658813,64.06181805415166,35.23303543387775,1.2999009651734579,0.7000990348265421,86.33942210682108,25.574617742213583,144.12976417083848,0.0,100.0,0.0,244.12976417083848,6.5404716583230424,6.5404716583230424,0.0,9573.098936227092,6406.181805415165,564.7005432856532,77.49617191519911
1,0,0.1111111111111111,13,66.42,36.53,4.619619666040948,270.9970176351808,275.6166373012217,20.162393162393165,8.0,35.38461538461539,25.0,1,0,0,0.0,0.0,77.49617191519911,250.61663730122172,250.61663730122172,0.0,17566.47027416518,0.0,17566.47027416518,1229.1390000000001,0.0,0.0,18795.60927416518,0.033471961082986175,74.83089753371473,41.155867011541694,1.4140111329650165,0.5859888670349835,93.9186194515364,21.40617331278795,181.6900000000001,0.0,51.07336269877845,0.0,232.76336269877856,17.85327460244315,17.85327460244315,0.0,12067.849800000007,3821.8655708145384,1676.754903350638,77.49617191519911
1,0,0.1111111111111111,14,118.08,64.94,4.43605789093006,20.647463959157353,25.083521850087415,1.6153846153846183,8.0,29.0,25.0,1,0,0,0.0,0.0,77.49617191519911,0.08352185008741486,0.08352185008741486,0.0,14.327193713854628,0.0,14.327193713854628,1229.1390000000001,0.0,0.0,1243.4661937138549,0.01511622218079193,116.21158983986922,63.912437704955174,1.4527292556806077,0.5472707443193923,171.53827051076615,35.53976213610133,0.0,0.0,0.0,0.0,0.0,0.08352185008741486,0.08352185008741486,0.0,0.0,0.0,14.327193713854628,77.49617191519911
1,0,0.1111111111111111,15,118.08,64.94,4.165985966866862,0.0,4.165985966866862,0.0,8.0,21.0,25.0,1,0,0,20.74598596686686,0.0,94.0929606886926,-0.08802806626627557,0.0,0.08802806626627557,0.0,4.647626971564089,-4.647626971564089,1229.1390000000001,0.0,103.72992983433431,1328.2213028627705,-0.010454639699082578,104.24348110451746,57.330383324249354,1.186986387087379,0.8130136129126211,140.1593525872777,52.79710402254561,0.0,0.0,0.0,0.0,0.0,-0.08802806626627557,0.0,0.08802806626627557,0.0,0.0,-4.647626971564089,94.0929606886926
1,0,0.1111111111111111,16,177.12,97.42,4.0082833221796905,0.0,4.0082833221796905,0.0,8.0,13.0,25.0,1,0,0,0.0,40.0,51.98769753079786,-60.99171667782031,0.0,60.99171667782031,0.0,6718.169127827336,-6718.169127827336,1229.1390000000001,0.0,200.0,-5289.0301278273355,0.002070830544922681,212.32584443005294,116.78400950979989,1.2682828162341673,0.7317171837658327,224.6382524113957,71.28388804246742,0.0,20.898982335731844,0.0,40.09273434208846,-60.99171667782031,0.0,0.0,0.0,-2035.9788591469962,-4682.19026868034,0.0,51.98769753079787
1,0,0.1111111111111111,17,177.12,97.42,3.7870103213738324,0.0,3.7870103213738324,0.0,8.0,5.0,25.0,1,0,0,0.0,30.388312654257977,19.99999999999999,-51.601302332884146,0.0,51.601302332884146,0.0,5026.998873269574,-5026.998873269574,1229.1390000000001,0.0,151.94156327128988,-3645.918309998284,0.0071835961100619496,185.8857576419385,102.24136466507254,1.2742146021379614,0.7257853978620384,225.68889033067575,70.70601345971978,0.0,51.601302332884146,0.0,0.0,-51.601302332884146,0.0,0.0,0.0,-5026.998873269574,0.0,0.0,20.0
1,0,0.1111111111111111,18,66.42,36.53,3.6073858243779404,410.52050681420957,414.1278926385875,31.655019902697923,8.0,28.655019902697923,25.0,1,0,0,0.0,0.0,19.99999999999999,389.1278926385875,389.1278926385875,0.0,26308.8153863263,0.0,26308.8153863263,1229.1390000000001,0.0,0.0,27537.9543863263,0.03068166410798297,86.56054164997235,47.60699467740876,1.2826882174173329,0.7173117825826671,85.19615140085925,26.20339941774483,364.47210736141244,0.0,0.0,0.0,364.47210736141244,24.655785277175085,24.655785277175085,0.0,24208.237370945015,0.0,2100.578015381285,20.0
1,0,0.1111111111111111,19,66.42,36.53,3.1997561536660153,344.13179916866034,347.3315553223263,27.821170573492545,8.0,48.47619047619047,25.0,1,0,0,0.0,0.0,19.99999999999999,322.3315553223263,322.3315553223263,0.0,22609.613805508605,0.0,22609.613805508605,1229.1390000000001,0.0,0.0,23838.752805508604,-0.0124209402265385,78.97183915971985,43.433322561044356,1.281190277821583,0.7188097221784171,85.09665825290953,26.258119151177578,226.6999999999999,0.0,95.63155532232636,0.0,322.33155532232627,5.684341886080802e-14,5.684341886080802e-14,0.0,15057.413999999993,7552.199805508608,4.837184988725172e-12,20.0
1,0,0.1111111111111111,20,118.08,64.94,2.930006176606631,7.588715997411283,10.518722174017913,0.5238095238095309,8.0,41.0,25.0,1,0,0,0.0,0.0,19.99999999999999,-14.481277825982087,0.0,14.481277825982087,0.0,1205.7857985697935,-1205.7857985697935,1229.1390000000001,0.0,0.0,23.353201430206582,-0.023331274464456247,152.5183721932837,83.87993809478188,1.2539347410317334,0.7460652589682665,148.06461422102709,48.44947791739922,0.0,0.0,0.0,14.22999999999989,-14.22999999999989,-0.2512778259821964,0.0,0.2512778259821964,0.0,-1193.611519088737,-12.174279481056509,20.0
1,0,0.1111111111111111,21,118.08,64.94,2.6948197868569785,0.0,2.6948197868569785,0.0,8.0,33.0,25.0,1,0,0,0.0,0.0,19.99999999999999,-22.30518021314302,0.0,22.30518021314302,0.0,1445.4080555200194,-1445.4080555200194,1229.1390000000001,0.0,0.0,-216.26905552001926,-0.03411477173584994,119.85569484421097,65.91657201205166,1.2518162591317972,0.7481837408682028,147.8144638782826,48.58705213198109,0.0,22.09167084809747,0.0,0.02314893875951185,-22.11481978685698,-0.19036042628604122,0.0,0.19036042628604122,-1434.6331048754496,-1.5258986887439367,-9.249051955826028,20.0
1,0,0.1111111111111111,22,66.42,36.53,2.4667158731066112,227.63191726348842,230.09863313659503,22.5,8.0,47.5,25.0,1,0,0,0.0,0.0,19.99999999999999,205.09863313659503,205.09863313659503,0.0,14480.029692848724,0.0,14480.029692848724,1229.1390000000001,0.0,0.0,15709.168692848725,-0.06208521935109839,78.71058416256794,43.289636245989264,1.1522784778197153,0.8477215221802847,76.53433649678549,30.967267205245804,120.32999999999998,0.0,0.0,0.0,120.32999999999998,84.76863313659504,84.76863313659504,0.0,7992.318599999999,0.0,6487.7110928487255,20.0
1,0,0.1111111111111111,23,66.42,36.53,2.443431743216594,126.57555899840601,129.01899074162262,11.5,8.0,51.0,25.0,1,0,0,0.0,0.0,19.99999999999999,104.01899074162262,104.01899074162262,0.0,6591.518056916674,32.207050251935605,6559.311006664739,1229.1390000000001,0.0,0.0,7788.450006664739,-0.03421670228593113,62.48777938563922,34.367337864459515,1.227429559734757,0.772570440265243,81.52587135758257,28.22199818288933,5.160194494922493,0.0,100.0,0.0,105.1601944949225,-1.1412037532998767,0.0,1.1412037532998767,342.740118352752,6248.777938563922,-32.207050251935605,20.0
1,1,0.1111111111111111,0,118.08,64.94,2.6440255442588523,0.0,2.6440255442588523,0.0,8.0,42.0,20.0,1,1,0,17.355974455741148,0.0,33.88477956459292,0.0,0.0,0.0,0.0,0.0,0.0,969.9390000000001,87.4,86.77987227870574,1144.118872278706,0.057610217703540856,115.68144891343708,63.620878154120966,1.1909812026115174,0.8090187973884826,140.631060404368,52.53768070240806,0.0,0.0,0.0,0.0,0.0,0.0,0.0,0.0,0.0,0.0,0.0,33.88477956459292
1,1,0.1111111111111111,1,118.08,64.94,2.666881648948737,0.0,2.666881648948737,0.0,8.0,34.0,25.0,1,0,0,22.33311835105126,0.0,51.75127424543393,0.0,0.0,0.0,0.0,0.0,0.0,1229.1390000000001,0.0,111.66559175525632,1340.8045917552565,0.054103418556813145,110.6323980250384,60.84407120381092,1.2482129655058596,0.7517870344941404,147.3889869669319,48.821050020049476,0.0,0.0,0.0,0.0,0.0,0.0,0.0,0.0,0.0,0.0,0.0,51.75127424543393
1,1,0.1111111111111111,2,66.42,36.53,2.7448899523999613,238.5862521363617,241.33114208876165,24.44624003447533,8.0,50.44624003447533,25.0,1,0,0,40.0,0.0,83.75127424543393,256.3311420887617,256.3311420887617,0.0,17430.4115026966,0.0,17430.4115026966,1229.1390000000001,0.0,200.0,18859.5505026966,0.043684392547513815,67.81485965748038,37.29715181101714,1.2077212506582697,0.7922787493417303,80.21684546872228,28.941942713453408,145.6758495588044,0.0,90.45300835243401,0.0,236.1288579112384,20.202284177523268,20.202284177523268,0.0,9675.789927695789,6134.058067017213,1620.5635079835972,83.75127424543393
1,1,0.1111111111111111,3,66.42,36.53,2.943024511013402,239.70354476081917,242.64656927183256,24.553759965524673,8.0,67.0,25.0,1,0,0,0.0,0.0,83.75127424543393,217.64656927183256,217.64656927183256,0.0,15315.705567011546,0.0,15315.705567011546,1229.1390000000001,0.0,0.0,16544.844567011547,0.05484749498688255,74.38463765829015,40.9104307988157,1.2877284470687438,0.7122715529312561,85.53092345430596,26.019279828578785,145.03,0.0,47.38343072816738,0.0,192.41343072816738,25.233138543665177,25.233138543665177,0.0,9632.892600000001,3524.599325721422,2158.2136412901236,83.75127424543393
1,1,0.1111111111111111,4,88.56,48.71,3.2061828906289267,34.893957126344816,38.10014001697375,3.2352941176470584,8.0,62.23529411764706,25.0,1,0,0,0.0,0.0,83.75127424543393,13.100140016973747,13.100140016973747,0.0,1328.3592792698134,0.0,1328.3592792698134,1229.1390000000001,0.0,0.0,2557.498279269814,0.06872763020964234,92.90183070777304,51.09810494326587,1.3055714501872884,0.6944285498127115,115.62140762858625,33.82561466137718,0.0,0.0,8.19985998302625,0.0,8.19985998302625,4.900280033947496,4.900280033947496,0.0,0.0,761.7820039705475,566.5772752992659,83.75127424543393
1,1,0.1111111111111111,5,88.56,48.71,3.370757555704317,67.93532974922589,71.3060873049302,6.470588235294117,8.0,60.705882352941174,25.0,1,0,0,0.0,0.0,83.75127424543393,46.3060873049302,46.3060873049302,0.0,4724.086609414395,0.0,4724.086609414395,1229.1390000000001,0.0,0.0,5953.225609414395,0.04035727027911008,100.69435266008787,55.384167999919605,1.262189789091259,0.737810210908741,111.7795277219219,35.93873537336477,0.0,0.0,40.7739126950698,0.0,40.7739126950698,5.532174609860405,5.532174609860405,0.0,0.0,4105.702744248992,618.3838651654036,83.75127424543393
1,1,0.1111111111111111,6,118.08,64.94,3.509381330021,13.09500576287837,16.60438709289937,1.2941176470588245,8.0,54.0,25.0,1,0,0,8.395612907100627,0.0,90.46776457111443,-3.552713678800501e-15,0.0,3.552713678800501e-15,0.0,1.7008675748373153e-13,-1.7008675748373153e-13,1229.1390000000001,0.0,41.97806453550314,1271.117064535503,0.002680380006000108,114.66367361058342,63.06113621503461,1.262778470872739,0.737221529127261,149.10888184065303,47.87516610152433,0.0,0.0,0.0,0.0,0.0,-3.552713678800501e-15,0.0,3.552713678800501e-15,0.0,0.0,-1.7008675748373153e-13,90.46776457111443
1,1,0.1111111111111111,7,118.08,64.94,3.7870847760086876,0.0,3.7870847760086876,0.0,8.0,46.0,25.0,1,0,0,21.212915223991313,0.0,107.43809675030748,0.0,0.0,0.0,0.0,0.0,0.0,1229.1390000000001,0.0,106.06457611995657,1335.2035761199568,0.007203397874651029,94.63170043761048,52.044229559776625,1.2457574129934337,0.7542425870065663,147.09903532626464,48.980513600206415,0.0,0.0,0.0,0.0,0.0,0.0,0.0,0.0,0.0,0.0,0.0,107.43809675030748
1,1,0.1111111111111111,8,177.12,97.42,4.088673373732012,0.0,4.088673373732012,0.0,8.0,38.0,25.0,1,0,0,0.0,18.844828593352947,87.60143507309385,-39.756155219620936,0.0,39.756155219620936,0.0,3973.873198016083,-3973.873198016083,1229.1390000000001,0.0,94.22414296676473,-2650.510055049318,0.022168343433002894,186.8527535316368,102.7732342426155,1.2089555500113018,0.7910444499886982,214.13020701800178,77.06355031789897,0.0,20.92108244848287,0.0,18.835072771138066,-39.756155219620936,0.0,0.0,0.0,-2038.1318521312012,-1935.7413458848814,0.0,87.60143507309385
1,1,0.1111111111111111,9,177.12,97.42,4.227097461075877,0.0,4.227097461075877,0.0,8.0,30.0,25.0,1,0,0,0.0,40.0,45.49617191519911,-60.77290253892412,0.0,60.77290253892412,0.0,6215.366596492697,-6215.366596492697,1229.1390000000001,0.0,200.0,-4786.227596492697,0.004061154649851939,190.48265672375533,104.7697629744142,1.2274909684750968,0.7725090315249031,217.41320033630913,75.25782985115606,0.0,20.653182736094724,0.0,40.119719802829394,-60.772902538924114,-7.105427357601002e-15,0.0,7.105427357601002e-15,-2012.033062150348,-4203.333534342348,-5.347390430980856e-13,45.49617191519911
1,1,0.1111111111111111,10,177.12,97.42,4.305424656033365,0.0,4.305424656033365,0.0,8.0,22.0,25.0,1,0,0,0.0,0.0,45.49617191519911,-20.694575343966633,0.0,20.694575343966633,0.0,2013.4739495243175,-2013.4739495243175,1229.1390000000001,0.0,0.0,-784.3349495243174,-0.01477696658275405,161.25929656033185,88.69625491704792,1.2059775328218565,0.7940224671781435,213.60274061340724,77.35366875249474,0.0,20.565424656033365,0.0,0.0,-20.565424656033365,-0.12915068793326867,0.0,0.12915068793326867,-2003.4836699907705,0.0,-9.990279533546884,45.49617191519911
1,1,0.1111111111111111,11,177.12,97.42,4.462553312630898,0.0,4.462553312630898,0.0,8.0,14.0,25.0,1,0,0,0.0,0.0,45.49617191519911,-20.5374466873691,0.0,20.5374466873691,0.0,2000.3684838656727,-2000.3684838656727,1229.1390000000001,0.0,0.0,-771.2294838656726,-0.0016659255859289728,164.50761540761675,90.48290364165551,1.26850164971124,0.7314983502887601,224.67701219685483,71.26256928513101,0.0,20.522553312630897,0.0,0.0,-20.522553312630897,-0.014893374738203846,0.0,0.014893374738203846,-1999.307143716502,0.0,-1.0613401491706715,45.49617191519911
1,1,0.1111111111111111,12,66.42,36.53,4.436677877662536,224.69308629317598,229.1297641708385,17.222222222222218,8.0,23.222222222222218,25.0,1,0,0,40.0,0.0,77.49617191519911,244.1297641708385,244.1297641708385,0.0,15979.28074164226,0.0,15979.28074164226,1229.1390000000001,0.0,200.0,17408.41974164226,-0.014071582741658813,64.06181805415166,35.23303543387775,1.2400134447140532,0.7599865552859468,82.36169299790741,27.76230886459564,144.12976417083848,0.0,100.0,0.0,244.12976417083848,2.842170943040401e-14,2.842170943040401e-14,0.0,9573.098936227092,6406.181805415165,2.3408601065826648e-12,77.49617191519911
1,1,0.1111111111111111,13,66.42,36.53,4.320380333959052,253.4429823648195,257.76336269877856,20.162393162393165,8.0,35.38461538461539,25.0,1,0,0,0.0,0.0,77.49617191519911,232.76336269877856,232.76336269877856,0.0,15889.715370814545,0.0,15889.715370814545,1229.1390000000001,0.0,0.0,17118.854370814544,-0.033471961082986175,74.83089753371473,41.155867011541694,1.2845327261755475,0.7154672738244525,85.31866367257986,26.136019512807252,181.6900000000001,0.0,51.07336269877845,0.0,232.76336269877856,0.0,0.0,0.0,12067.849800000007,3821.8655708145384,0.0,77.49617191519911
1,1,0.1111111111111111,14,118.08,64.94,4.30394210906994,20.03253604084274,24.33647814991268,1.6153846153846183,8.0,29.0,25.0,1,0,0,0.0,0.0,77.49617191519911,-0.6635218500873208,0.0,0.6635218500873208,0.0,36.17626295826255,-36.17626295826255,1229.1390000000001,0.0,0.0,1192.9627370417377,-0.01511622218079193,116.21158983986922,63.912437704955174,1.1604313979962928,0.8395686020037073,137.02373947540227,54.52158501412075,0.0,0.0,0.0,0.0,0.0,-0.6635218500873208,0.0,0.6635218500873208,0.0,0.0,-36.17626295826255,77.49617191519911
1,1,0.1111111111111111,15,118.08,64.94,4.254014033133138,0.0,4.254014033133138,0.0,8.0,21.0,25.0,1,0,0,20.74598596686686,0.0,94.0929606886926,0.0,0.0,0.0,0.0,0.0,0.0,1229.1390000000001,0.0,103.72992983433431,1332.8689298343345,0.010454639699082578,104.24348110451746,57.330383324249354,1.3119349262623061,0.6880650737376939,154.9132760930531,44.682945888525836,0.0,0.0,0.0,0.0,0.0,0.0,0.0,0.0,0.0,0.0,0.0,94.0929606886926
1,1,0.1111111111111111,16,177.12,97.42,3.9917166778203095,0.0,3.9917166778203095,0.0,8.0,13.0,25.0,1,0,0,0.0,40.0,51.98769753079786,-61.00828332217969,0.0,61.00828332217969,0.0,6719.47621242113,-6719.47621242113,1229.1390000000001,0.0,200.0,-5290.33721242113,-0.002070830544922681,212.32584443005294,116.78400950979989,1.19011935265414,0.80988064734586,210.7939397421013,78.89857266443367,0.0,20.898982335731844,0.0,40.09273434208846,-60.99171667782031,-0.016566644359386373,0.0,0.016566644359386373,-2035.9788591469962,-4682.19026868034,-1.307084593794876,51.98769753079787
1,1,0.1111111111111111,17,177.12,97.42,3.732989678626167,0.0,3.732989678626167,0.0,8.0,5.0,25.0,1,0,0,0.0,30.388312654257977,19.99999999999999,-51.655322975631805,0.0,51.655322975631805,0.0,5031.252459609337,-5031.252459609337,1229.1390000000001,0.0,151.94156327128988,-3650.171896338047,-0.0071835961100619496,185.8857576419385,102.24136466507254,1.1917468978425503,0.8082531021574498,211.0822105458725,78.74001721217877,0.0,51.601302332884146,0.0,0.0,-51.601302332884146,-0.05402064274765905,0.0,0.05402064274765905,-5026.998873269574,0.0,-4.253586339763634,20.0
1,1,0.1111111111111111,18,66.42,36.53,3.3926141756220596,386.07949318579034,389.4721073614124,31.655019902697923,8.0,28.655019902697923,25.0,1,0,0,0.0,0.0,19.99999999999999,364.4721073614124,364.4721073614124,0.0,24208.237370945015,1.6087526876283248e-12,24208.237370945015,1229.1390000000001,0.0,0.0,25437.376370945014,-0.03068166410798297,86.56054164997235,47.60699467740876,1.225253857645449,0.774746142354551,81.38136122481073,28.301476580211748,364.47210736141244,0.0,0.0,0.0,364.47210736141244,-5.684341886080802e-14,0.0,5.684341886080802e-14,24208.237370945015,0.0,-1.6087526876283248e-12,20.0
1,1,0.1111111111111111,19,66.42,36.53,3.280243846333985,352.7882008313395,356.06844467767354,27.821170573492545,8.0,48.47619047619047,25.0,1,0,0,0.0,0.0,19.99999999999999,331.06844467767354,331.06844467767354,0.0,23307.04310837649,0.0,23307.04310837649,1229.1390000000001,0.0,0.0,24536.182108376488,0.0124209402265385,78.97183915971985,43.433322561044356,1.2018339927676336,0.7981660072323664,79.82581379962622,29.157004244198347,226.6999999999999,0.0,95.63155532232636,0.0,322.33155532232627,8.736889355347273,8.736889355347273,0.0,15057.413999999993,7552.199805508608,697.4293028678877,20.0
1,1,0.1111111111111111,20,118.08,64.94,3.069993823393369,7.951284002588938,11.021277825982306,0.5238095238095309,8.0,41.0,25.0,1,0,0,0.0,0.0,19.99999999999999,-13.978722174017694,0.0,13.978722174017694,37.40939816991494,1193.611519088737,-1156.202120918822,1229.1390000000001,0.0,0.0,72.93687908117818,0.023331274464456247,152.5183721932837,83.87993809478188,1.2608116440564996,0.7391883559435003,148.87663893019146,48.00289183497091,0.0,0.0,0.0,14.22999999999989,-14.22999999999989,0.2512778259821964,0.2512778259821964,0.0,0.0,-1193.611519088737,37.40939816991494,20.0
1,1,0.1111111111111111,21,118.08,64.94,2.885180213143021,0.0,2.885180213143021,0.0,8.0,33.0,25.0,1,0,0,0.0,0.0,19.99999999999999,-22.11481978685698,0.0,22.11481978685698,0.0,1436.1590035641934,-1436.1590035641934,1229.1390000000001,0.0,0.0,-207.0200035641933,0.03411477173584994,119.85569484421097,65.91657201205166,1.2011823045736636,0.7988176954263364,141.8356065240582,51.875221140986284,0.0,22.09167084809747,0.0,0.02314893875951185,-22.11481978685698,0.0,0.0,0.0,-1434.6331048754496,-1.5258986887439367,0.0,20.0
1,1,0.1111111111111111,22,66.42,36.53,2.7932841268933886,257.76808273651153,260.56136686340494,22.5,8.0,47.5,25.0,1,0,0,0.0,0.0,19.99999999999999,235.56136686340494,235.56136686340494,0.0,16973.15392734198,0.0,16973.15392734198,1229.1390000000001,0.0,0.0,18202.29292734198,0.06208521935109839,78.71058416256794,43.289636245989264,1.1734028764455038,0.8265971235544962,77.93741905351037,30.195592923445748,120.32999999999998,0.0,0.0,0.0,120.32999999999998,115.23136686340496,115.23136686340496,0.0,7992.318599999999,0.0,8980.835327341982,20.0
1,1,0.1111111111111111,23,66.42,36.53,2.6165682567834057,135.5444410015943,138.1610092583777,11.5,8.0,51.0,25.0,1,0,0,0.0,0.0,19.99999999999999,113.1610092583777,113.1610092583777,0.0,7221.476493310353,0.0,7221.476493310353,1229.1390000000001,0.0,0.0,8450.615493310353,0.03421670228593113,62.48777938563922,34.367337864459515,1.1854379037530451,0.814562096246955,78.73678556727727,29.755953375901267,5.160194494922493,0.0,100.0,0.0,105.1601944949225,8.00081476345521,8.00081476345521,0.0,342.740118352752,6248.777938563922,629.9584363936791,20.0
1,2,0.1111111111111111,0,118.08,64.94,2.5,0.0,2.5,0.0,8.0,42.0,20.0,1,1,0,17.355974455741148,0.0,33.88477956459292,-0.14402554425885228,0.0,0.14402554425885228,0.0,6.039536186528244,-6.039536186528244,969.9390000000001,87.4,86.77987227870574,1138.0793360921775,0.0,115.68144891343708,63.620878154120966,1.3542687888100489,0.6457312111899511,159.91205858269058,41.93378485467542,0.0,0.0,0.0,0.0,0.0,-0.14402554425885228,0.0,0.14402554425885228,0.0,0.0,-6.039536186528244,33.88477956459292
1,2,0.1111111111111111,1,118.08,64.94,2.53,0.0,2.53,0.0,8.0,34.0,25.0,1,0,0,22.33311835105126,0.0,51.75127424543393,-0.13688164894873722,0.0,0.13688164894873722,0.0,6.73621036297365,-6.73621036297365,1229.1390000000001,0.0,111.66559175525632,1334.0683813922828,0.0,110.6323980250384,60.84407120381092,1.242193844646219,0.7578061553537809,146.67824917582556,49.21193172867453,0.0,0.0,0.0,0.0,0.0,-0.13688164894873722,0.0,0.13688164894873722,0.0,0.0,-6.73621036297365,51.75127424543393
1,2,0.1111111111111111,2,66.42,36.53,2.63,228.60000000000002,231.23000000000002,24.44624003447533,8.0,50.44624003447533,25.0,1,0,0,40.0,0.0,83.75127424543393,246.23000000000002,246.23000000000002,0.0,16593.732572568748,0.0,16593.732572568748,1229.1390000000001,0.0,200.0,18022.871572568747,0.0,67.81485965748038,37.29715181101714,1.168376380284696,0.831623619715304,77.60355917850951,30.379210828200055,145.6758495588044,0.0,90.45300835243401,0.0,236.1288579112384,10.101142088761605,10.101142088761605,0.0,9675.789927695789,6134.058067017213,783.8845778557444,83.75127424543393
1,2,0.1111111111111111,3,66.42,36.53,2.79,227.24,230.03,24.553759965524673,8.0,67.0,25.0,1,0,0,0.0,0.0,83.75127424543393,205.03,205.03,0.0,14196.268124270931,0.0,14196.268124270931,1229.1390000000001,0.0,0.0,15425.407124270932,0.0,74.38463765829015,40.9104307988157,1.2396007841100563,0.7603992158899439,82.33428408058994,27.77738335645965,145.03,0.0,47.38343072816738,0.0,192.41343072816738,12.616569271832617,12.616569271832617,0.0,9632.892600000001,3524.599325721422,1038.7761985495085,83.75127424543393
1,2,0.1111111111111111,4,88.56,48.71,3.0,32.65,35.65,3.2352941176470584,8.0,62.23529411764706,25.0,1,0,0,0.0,0.0,83.75127424543393,10.649999999999999,10.649999999999999,0.0,1011.2828883557823,0.0,1011.2828883557823,1229.1390000000001,0.0,0.0,2240.4218883557824,0.0,92.90183070777304,51.09810494326587,1.1498563237566688,0.8501436762433311,101.8312760318906,41.41049846981266,0.0,0.0,8.19985998302625,0.0,8.19985998302625,2.450140016973748,2.450140016973748,0.0,0.0,761.7820039705475,249.50088438523483,83.75127424543393
1,2,0.1111111111111111,5,88.56,48.71,3.24,65.3,68.53999999999999,6.470588235294117,8.0,60.705882352941174,25.0,1,0,0,0.0,0.0,83.75127424543393,43.53999999999999,43.53999999999999,0.0,4450.8195019801915,0.0,4450.8195019801915,1229.1390000000001,0.0,0.0,5679.958501980192,0.0,100.69435266008787,55.384167999919605,1.4088428634407835,0.5911571365592165,124.76712398631578,28.795264121799438,0.0,0.0,40.7739126950698,0.0,40.7739126950698,2.7660873049301955,2.7660873049301955,0.0,0.0,4105.702744248992,345.11675773119975,83.75127424543393
1,2,0.1111111111111111,6,118.08,64.94,3.5,13.060000000000011,16.56000000000001,1.2941176470588245,8.0,54.0,25.0,1,0,0,8.395612907100627,0.0,90.46776457111443,-0.04438709289936327,0.0,0.04438709289936327,0.0,2.4464400648586264,-2.4464400648586264,1229.1390000000001,0.0,41.97806453550314,1268.6706244706445,0.0,114.66367361058342,63.06113621503461,1.1512777376887724,0.8487222623112277,135.94287526629023,55.11602371449113,0.0,0.0,0.0,0.0,0.0,-0.04438709289936327,0.0,0.04438709289936327,0.0,0.0,-2.4464400648586264,90.46776457111443
1,2,0.1111111111111111,7,118.08,64.94,3.76,0.0,3.76,0.0,8.0,46.0,25.0,1,0,0,21.212915223991313,0.0,107.43809675030748,-0.02708477600868875,0.0,0.02708477600868875,0.0,1.2735854706346936,-1.2735854706346936,1229.1390000000001,0.0,106.06457611995657,1333.929990649322,0.0,94.63170043761048,52.044229559776625,1.2759133119533508,0.7240866880466493,150.65984387545166,47.022189521749404,0.0,0.0,0.0,0.0,0.0,-0.02708477600868875,0.0,0.02708477600868875,0.0,0.0,-1.2735854706346936,107.43809675030748
1,2,0.1111111111111111,8,177.12,97.42,4.0,0.0,4.0,0.0,8.0,38.0,25.0,1,0,0,0.0,18.844828593352947,87.60143507309385,-39.84482859335294,0.0,39.84482859335294,0.0,3980.0814227436304,-3980.0814227436304,1229.1390000000001,0.0,94.22414296676473,-2656.7182797768655,0.0,186.8527535316368,102.7732342426155,1.2813356997022838,0.7186643002977162,226.9501791312685,70.01227613500352,0.0,20.92108244848287,0.0,18.835072771138066,-39.756155219620936,-0.08867337373200712,0.0,0.08867337373200712,-2038.1318521312012,-1935.7413458848814,-6.20822472754765,87.60143507309385
1,2,0.1111111111111111,9,177.12,97.42,4.21,0.0,4.21,0.0,8.0,30.0,25.0,1,0,0,0.0,40.0,45.49617191519911,-60.79,0.0,60.79,0.0,6216.774564984281,-6216.774564984281,1229.1390000000001,0.0,200.0,-4787.635564984281,0.0,190.48265672375533,104.7697629744142,1.154695488105873,0.8453045118941269,204.51966485331224,82.34956554872585,0.0,20.653182736094724,0.0,40.119719802829394,-60.772902538924114,-0.017097461075884723,0.0,0.017097461075884723,-2012.033062150348,-4203.333534342348,-1.4079684915853579,45.49617191519911
1,2,0.1111111111111111,10,177.12,97.42,4.37,0.0,4.37,0.0,8.0,22.0,25.0,1,0,0,0.0,0.0,45.49617191519911,-20.63,0.0,20.63,0.0,2008.1293415087807,-2008.1293415087807,1229.1390000000001,0.0,0.0,-778.9903415087806,0.0,161.25929656033185,88.69625491704792,1.261528659324698,0.7384713406753021,223.4419561395905,71.94187800858793,0.0,20.565424656033365,0.0,0.0,-20.565424656033365,-0.06457534396663434,0.0,0.06457534396663434,-2003.4836699907705,0.0,-4.645671518010213,45.49617191519911
1,2,0.1111111111111111,11,177.12,97.42,4.47,0.0,4.47,0.0,8.0,14.0,25.0,1,0,0,0.0,0.0,45.49617191519911,-20.53,0.0,20.53,0.0,1999.7987551025046,-1999.7987551025046,1229.1390000000001,0.0,0.0,-770.6597551025045,0.0,164.50761540761675,90.48290364165551,1.3223418182662097,0.6776581817337903,234.21318285131107,66.01746006450585,0.0,20.522553312630897,0.0,0.0,-20.522553312630897,-0.0074466873691036994,0.0,0.0074466873691036994,-1999.307143716502,0.0,-0.49161138600266363,45.49617191519911
1,2,0.1111111111111111,12,66.42,36.53,4.5,227.9,232.4,17.222222222222218,8.0,23.222222222222218,25.0,1,0,0,40.0,0.0,77.49617191519911,247.4,247.4,0.0,16256.220052407076,0.0,16256.220052407076,1229.1390000000001,0.0,200.0,17685.359052407075,0.0,64.06181805415166,35.23303543387775,1.2749896618234922,0.725010338176508,84.68481333831635,26.484627653587836,144.12976417083848,0.0,100.0,0.0,244.12976417083848,3.2702358291615212,3.2702358291615212,0.0,9573.098936227092,6406.181805415165,276.9393107648176,77.49617191519911
1,2,0.1111111111111111,13,66.42,36.53,4.47,262.22000000000014,266.69000000000017,20.162393162393165,8.0,35.38461538461539,25.0,1,0,0,0.0,0.0,77.49617191519911,241.69000000000017,241.69000000000017,0.0,16635.86923728195,0.0,16635.86923728195,1229.1390000000001,0.0,0.0,17865.00823728195,0.0,74.83089753371473,41.155867011541694,1.2584664246175368,0.7415335753824632,83.58733992309679,27.088221508721382,181.6900000000001,0.0,51.07336269877845,0.0,232.76336269877856,8.926637301221604,8.926637301221604,0.0,12067.849800000007,3821.8655708145384,746.1538664674056,77.49617191519911
1,2,0.1111111111111111,14,118.08,64.94,4.37,20.340000000000046,24.710000000000047,1.6153846153846183,8.0,29.0,25.0,1,0,0,0.0,0.0,77.49617191519911,-0.28999999999995296,0.0,0.28999999999995296,0.0,12.848990064381482,-12.848990064381482,1229.1390000000001,0.0,0.0,1216.2900099356186,0.0,116.21158983986922,63.912437704955174,1.3177261735297534,0.6822738264702466,155.5971065703933,44.30686229097781,0.0,0.0,0.0,0.0,0.0,-0.28999999999995296,0.0,0.28999999999995296,0.0,0.0,-12.848990064381482,77.49617191519911
1,2,0.1111111111111111,15,118.08,64.94,4.21,0.0,4.21,0.0,8.0,21.0,25.0,1,0,0,20.74598596686686,0.0,94.0929606886926,-0.04401403313313779,0.0,0.04401403313313779,0.0,2.1413620440419177,-2.1413620440419177,1229.1390000000001,0.0,103.72992983433431,1330.7275677902926,0.0,104.24348110451746,57.330383324249354,1.2508191803549236,0.7491808196450764,147.69672881630936,48.651802427751264,0.0,0.0,0.0,0.0,0.0,-0.04401403313313779,0.0,0.04401403313313779,0.0,0.0,-2.1413620440419177,94.0929606886926
1,2,0.1111111111111111,16,177.12,97.42,4.0,0.0,4.0,0.0,8.0,13.0,25.0,1,0,0,0.0,40.0,51.98769753079786,-61.0,0.0,61.0,0.0,6718.762744437333,-6718.762744437333,1229.1390000000001,0.0,200.0,-5289.623744437333,0.0,212.32584443005294,116.78400950979989,1.2643802755195594,0.7356197244804406,223.94703440002436,71.66407355888452,0.0,20.898982335731844,0.0,40.09273434208846,-60.99171667782031,-0.008283322179693187,0.0,0.008283322179693187,-2035.9788591469962,-4682.19026868034,-0.5936166099974722,51.98769753079787
1,2,0.1111111111111111,17,177.12,97.42,3.76,0.0,3.76,0.0,8.0,5.0,25.0,1,0,0,0.0,30.388312654257977,19.99999999999999,-51.62831265425798,0.0,51.62831265425798,0.0,5029.0247864650655,-5029.0247864650655,1229.1390000000001,0.0,151.94156327128988,-3647.9442231937755,0.0,185.8857576419385,102.24136466507254,1.230084688936538,0.769915311063462,217.8726001044396,75.00514960380247,0.0,51.601302332884146,0.0,0.0,-51.601302332884146,-0.027010321373836632,0.0,0.027010321373836632,-5026.998873269574,0.0,-2.0259131954914,20.0
1,2,0.1111111111111111,18,66.42,36.53,3.5,398.29999999999995,401.79999999999995,31.655019902697923,8.0,28.655019902697923,25.0,1,0,0,0.0,0.0,19.99999999999999,376.79999999999995,376.79999999999995,0.0,25263.594257899942,0.0,25263.594257899942,1229.1390000000001,0.0,0.0,26492.73325789994,0.0,86.56054164997235,47.60699467740876,1.2888774748236245,0.7111225251763755,85.60724187778514,25.977305844693,364.47210736141244,0.0,0.0,0.0,364.47210736141244,12.327892638587514,12.327892638587514,0.0,24208.237370945015,0.0,1055.356886954928,20.0
1,2,0.1111111111111111,19,66.42,36.53,3.24,348.4599999999999,351.69999999999993,27.821170573492545,8.0,48.47619047619047,25.0,1,0,0,0.0,0.0,19.99999999999999,326.69999999999993,326.69999999999993,0.0,22952.050175517124,0.0,22952.050175517124,1229.1390000000001,0.0,0.0,24181.189175517124,0.0,78.97183915971985,43.433322561044356,1.1801960948410426,0.8198039051589574,78.38862461934205,29.947436655456716,226.6999999999999,0.0,95.63155532232636,0.0,322.33155532232627,4.368444677673665,4.368444677673665,0.0,15057.413999999993,7552.199805508608,342.4363700085236,20.0
1,2,0.1111111111111111,20,118.08,64.94,3.0,7.770000000000111,10.77000000000011,0.5238095238095309,8.0,41.0,25.0,1,0,0,0.0,0.0,19.99999999999999,-14.22999999999989,0.0,14.22999999999989,0.0,1193.611519088737,-1193.611519088737,1229.1390000000001,0.0,0.0,35.52748091126318,0.0,152.5183721932837,83.87993809478188,1.303077908288881,0.6969220917111189,153.86743941075108,45.258120635720054,0.0,0.0,0.0,14.22999999999989,-14.22999999999989,0.0,0.0,0.0,0.0,-1193.611519088737,0.0,20.0
1,2,0.1111111111111111,21,118.08,64.94,2.79,0.0,2.79,0.0,8.0,33.0,25.0,1,0,0,0.0,0.0,19.99999999999999,-22.21,0.0,22.21,0.0,1441.0705413649837,-1441.0705413649837,1229.1390000000001,0.0,0.0,-211.93154136498356,0.0,119.85569484421097,65.91657201205166,1.2053817531220317,0.7946182468779682,142.3314774086495,51.602508952255256,0.0,22.09167084809747,0.0,0.02314893875951185,-22.11481978685698,-0.09518021314302061,0.0,0.09518021314302061,-1434.6331048754496,-1.5258986887439367,-4.911537800790285,20.0
1,2,0.1111111111111111,22,66.42,36.53,2.63,242.7,245.32999999999998,22.5,8.0,47.5,25.0,1,0,0,0.0,0.0,19.99999999999999,220.32999999999998,220.32999999999998,0.0,15778.76697220402,0.0,15778.76697220402,1229.1390000000001,0.0,0.0,17007.90597220402,0.0,78.71058416256794,43.289636245989264,1.1723047835296625,0.8276952164703374,77.86448372204019,30.235706257661427,120.32999999999998,0.0,0.0,0.0,120.32999999999998,100.0,100.0,0.0,7992.318599999999,0.0,7786.4483722040195,20.0
1,2,0.1111111111111111,23,66.42,36.53,2.53,131.06000000000014,133.59000000000015,11.5,8.0,51.0,25.0,1,0,0,0.0,0.0,19.99999999999999,108.59000000000015,108.59000000000015,0.0,6880.076650722964,0.0,6880.076650722964,1229.1390000000001,0.0,0.0,8109.215650722964,0.0,62.48777938563922,34.367337864459515,1.2666763109994674,0.7333236890005326,84.13264057658463,26.788314359189457,5.160194494922493,0.0,100.0,0.0,105.1601944949225,3.4298055050776526,3.4298055050776526,0.0,342.740118352752,6248.777938563922,288.5585938062895,20.0
2,0,0.1111111111111111,0,118.08,64.94,2.5395853159371646,0.0,2.5395853159371646,0.0,8.0,42.0,20.0,1,1,0,17.460414684062844,0.0,33.968331747250275,7.105427357601002e-15,7.105427357601002e-15,0.0,1.1722324082922802e-12,0.0,1.1722324082922802e-12,969.9390000000001,87.4,87.30207342031422,1144.6410734203155,0.01583412637486572,116.61318668231752,64.13330236407266,1.3971633207297838,0.6028366792702162,164.97704491177288,39.14821395180784,0.0,0.0,0.0,0.0,0.0,7.105427357601002e-15,7.105427357601002e-15,0.0,0.0,0.0,1.1722324082922802e-12,33.968331747250275
2,0,0.1111111111111111,1,118.08,64.94,2.509176873125835,0.0,2.509176873125835,0.0,8.0,34.0,25.0,1,0,0,22.449176873125836,0.0,51.927673245750945,-0.04164625374832909,0.0,0.04164625374832909,0.0,1.8419653352675784,-1.8419653352675784,1229.1390000000001,0.0,112.24588436562918,1339.5429190303616,-0.008230484930499925,116.61318668231752,64.13330236407266,1.318927684057022,0.6810723159429779,155.73898093345318,44.22883619733698,0.0,0.0,0.0,0.0,0.0,-0.04164625374832909,0.0,0.04164625374832909,0.0,0.0,-1.8419653352675784,51.927673245750945
2,0,0.1111111111111111,2,66.42,36.53,2.7044743381218685,235.07332079644837,237.77779513457023,24.44624003447533,8.0,50.44624003447533,25.0,1,0,0,0.0,0.0,51.927673245750945,212.77779513457023,212.77779513457023,0.0,14266.230638818897,0.0,14266.230638818897,1229.1390000000001,0.0,0.0,15495.369638818898,0.028317238829607856,65.5949175088036,36.07621705204149,1.2047451365999435,0.7952548634000565,80.01917197296825,29.050660160004064,145.6758495588044,0.0,54.00635530662535,0.0,199.68220486542975,13.095590269140473,13.095590269140473,0.0,9675.789927695789,3542.5424212892276,1047.898289833881,51.927673245750945
2,0,0.1111111111111111,3,66.42,36.53,2.8924391113835464,235.58346368128926,238.4759027926728,24.553759965524673,8.0,67.0,25.0,1,0,0,0.0,0.0,51.927673245750945,213.4759027926728,213.4759027926728,0.0,14294.871324315001,0.0,14294.871324315001,1229.1390000000001,0.0,0.0,15524.010324315,0.03671652737761515,65.5949175088036,36.07621705204149,1.2946766989091727,0.7053233010908274,85.99242634154726,25.765460188847925,145.03,0.0,60.0,0.0,205.03,8.445902792672797,8.445902792672797,0.0,9632.892600000001,3935.695050528216,726.2836737867838,51.927673245750945
2,0,0.1111111111111111,4,88.56,48.71,3.111260855755866,33.860888980143,36.97214983589887,3.2352941176470584,8.0,62.23529411764706,25.0,1,0,0,0.0,0.0,51.927673245750945,11.972149835898868,11.972149835898868,0.0,1098.8309416772126,0.0,1098.8309416772126,1229.1390000000001,0.0,0.0,2327.969941677213,0.037086951918621935,87.45989001173814,48.10491466205696,1.2085540378388047,0.7914459621611953,107.02954559100455,38.55133281687183,0.0,0.0,9.327850164101129,0.0,9.327850164101129,2.6442996717977394,2.6442996717977394,0.0,0.0,815.8127493982582,283.01819227895453,51.927673245750945
2,0,0.1111111111111111,5,88.56,48.71,3.3433337779602508,67.38262212987789,70.72595590783813,6.470588235294117,8.0,60.705882352941174,25.0,1,0,0,0.0,0.0,51.927673245750945,45.72595590783813,45.72595590783813,0.0,4093.1520204139065,0.0,4093.1520204139065,1229.1390000000001,0.0,0.0,5322.291020413906,0.031893141345756444,87.45989001173814,48.10491466205696,1.2302705866255057,0.7697294133744943,108.95276315155479,37.493519725471614,0.0,0.0,41.35404409216184,0.0,41.35404409216184,4.371911815676285,4.371911815676285,0.0,0.0,3616.820147841044,476.3318725728621,51.927673245750945
2,0,0.1111111111111111,6,118.08,64.94,3.647251840239774,13.60945972386614,17.256711564105913,1.2941176470588245,8.0,54.0,25.0,1,0,0,7.743288435894087,0.0,58.122303994466215,0.0,0.0,0.0,0.0,0.0,0.0,1229.1390000000001,0.0,38.716442179470434,1267.8554421794706,0.04207195435422111,116.61318668231752,64.13330236407266,1.2455055283767764,0.7544944716232236,147.06929279072975,48.99687098721214,0.0,0.0,0.0,0.0,0.0,0.0,0.0,0.0,0.0,0.0,0.0,58.122303994466215
2,0,0.1111111111111111,7,118.08,64.94,3.734716468302753,0.0,3.734716468302753,0.0,8.0,46.0,25.0,1,0,0,21.214716468302754,0.0,75.09407716910842,-0.05056706339449235,0.0,0.05056706339449235,0.0,2.8922002399744504,-2.8922002399744504,1229.1390000000001,0.0,106.07358234151377,1332.3203821015395,-0.006724343536501787,116.61318668231752,64.13330236407266,1.119258744091133,0.880741255908867,132.16207250228098,57.19533715872182,0.0,0.0,0.0,0.0,0.0,-0.05056706339449235,0.0,0.05056706339449235,0.0,0.0,-2.8922002399744504,75.09407716910842
2,0,0.1111111111111111,8,177.12,97.42,4.042798822704382,0.0,4.042798822704382,0.0,8.0,38.0,25.0,1,0,0,0.0,0.0,75.09407716910842,-20.957201177295616,0.0,20.957201177295616,0.0,2041.6068288656793,-2041.6068288656793,1229.1390000000001,0.0,0.0,-812.4678288656792,0.010699705676095671,174.91978002347628,96.20982932411393,1.2531406714159312,0.7468593285840688,221.95627572118974,72.75903579065998,0.0,20.92108244848287,0.0,0.03611872881274536,-20.957201177295616,0.0,0.0,0.0,-2038.1318521312012,-3.474976734478187,0.0,75.09407716910842
2,0,0.1111111111111111,9,177.12,97.42,4.297932027798037,0.0,4.297932027798037,0.0,8.0,30.0,25.0,1,0,0,0.0,0.0,75.09407716910842,-20.702067972201963,0.0,20.702067972201963,0.0,2016.7363023726946,-2016.7363023726946,1229.1390000000001,0.0,0.0,-787.5973023726945,0.020886467410460154,174.91978002347628,96.20982932411393,1.175489315588813,0.824510684411187,208.20266757709058,80.32383087533785,0.0,20.653182736094724,0.0,0.04888523610723894,-20.702067972201963,0.0,0.0,0.0,-2012.033062150348,-4.703240222346469,0.0,75.09407716910842
2,0,0.1111111111111111,10,177.12,97.42,4.239365993179471,0.0,4.239365993179471,0.0,8.0,22.0,25.0,1,0,0,0.0,0.06605866285389439,75.02454173452537,-20.826692669674422,0.0,20.826692669674422,0.0,2024.0016151199857,-2024.0016151199857,1229.1390000000001,0.0,0.33029331426947195,-794.532321805716,-0.029893365405155303,174.91978002347628,96.20982932411393,1.1938803728022251,0.8061196271977747,211.46009163073012,78.53217408160722,0.0,20.565424656033365,0.0,0.0,-20.565424656033365,-0.26126801364105745,0.0,0.26126801364105745,-2003.4836699907705,0.0,-20.517945129215253,75.02454173452537
2,0,0.1111111111111111,11,177.12,97.42,4.427055383331767,0.0,4.427055383331767,0.0,8.0,14.0,25.0,1,0,0,0.0,28.219802867351394,45.3194860846818,-48.79274748401963,0.0,48.79274748401963,0.0,4717.996686117202,-4717.996686117202,1229.1390000000001,0.0,141.09901433675697,-3347.758671780445,-0.009607296793788068,174.91978002347628,96.20982932411393,1.1535680505193033,0.8464319494806967,204.31997310797902,82.45940051840947,0.0,20.522553312630897,0.0,28.184304938052264,-48.70685825068316,-0.08588923333646648,0.0,0.08588923333646648,-1999.307143716502,-2711.60716770879,-7.0823746919108155,45.3194860846818
2,0,0.1111111111111111,12,66.42,36.53,4.447014793212096,225.2165936384526,229.6636084316647,17.222222222222218,8.0,23.222222222222218,25.0,1,0,0,0.0,0.0,45.3194860846818,204.6636084316647,204.6636084316647,0.0,13723.304836203493,84.80263143671834,13638.502204766775,1229.1390000000001,0.0,0.0,14867.641204766776,-0.011774490397312083,65.5949175088036,36.07621705204149,1.1516375983098601,0.8483624016901398,76.49176927974091,30.990678533740805,144.12976417083848,0.0,63.27023582916152,0.0,207.4,-2.736391568335307,0.0,2.736391568335307,9573.098936227092,4150.2058999764,-84.80263143671834,45.3194860846818
2,0,0.1111111111111111,13,66.42,36.53,4.522262571587908,265.2858370294814,269.80809960106933,20.162393162393165,8.0,35.38461538461539,25.0,1,0,0,0.0,0.0,45.3194860846818,244.80809960106933,244.80809960106933,0.0,16287.818352673716,0.0,16287.818352673716,1229.1390000000001,0.0,0.0,17516.957352673715,0.011691850467093538,65.5949175088036,36.07621705204149,1.1800944792026682,0.8199055207973318,78.38187530864123,29.951148674726532,181.6900000000001,0.0,56.88190039893084,0.0,238.57190039893095,6.23619920213838,6.23619920213838,0.0,12067.849800000007,3731.163564411851,488.8049882618584,45.3194860846818
2,0,0.1111111111111111,14,118.08,64.94,4.3546071896852805,20.268354745583252,24.622961935268535,1.6153846153846183,8.0,29.0,25.0,1,0,0,0.20296193526844064,0.0,45.481855632896554,-0.17407612946302464,0.0,0.17407612946302464,0.0,7.843405277729551,-7.843405277729551,1229.1390000000001,0.0,1.0148096763422032,1222.3104043986127,-0.003522382223047924,116.61318668231752,64.13330236407266,1.306169878514138,0.6938301214858621,154.23253925494942,45.057328089291886,0.0,0.0,0.0,0.0,0.0,-0.17407612946302464,0.0,0.17407612946302464,0.0,0.0,-7.843405277729551,45.481855632896554
2,0,0.1111111111111111,15,118.08,64.94,4.199259406247716,0.0,4.199259406247716,0.0,8.0,21.0,25.0,1,0,0,20.779259406247718,0.0,62.105263157894726,-0.02148118750456618,0.0,0.02148118750456618,0.0,0.8454055620666482,-0.8454055620666482,1229.1390000000001,0.0,103.89629703123859,1332.1898914691722,-0.0025512099174071624,116.61318668231752,64.13330236407266,1.3939694318303983,0.6060305681696017,164.59991051053345,39.35562509693393,0.0,0.0,0.0,0.0,0.0,-0.02148118750456618,0.0,0.02148118750456618,0.0,0.0,-0.8454055620666482,62.10526315789473
2,0,0.1111111111111111,16,177.12,97.42,4.026790841860718,0.0,4.026790841860718,0.0,8.0,13.0,25.0,1,0,0,0.0,0.0,62.105263157894726,-20.973209158139284,0.0,20.973209158139284,0.0,2043.1202090620873,-2043.1202090620873,1229.1390000000001,0.0,0.0,-813.9812090620871,0.006697710465179434,174.91978002347628,96.20982932411393,1.237198984710938,0.7628010152890622,219.13268417200132,74.31207490946043,0.0,20.898982335731844,0.0,0.07422682240743939,-20.973209158139284,0.0,0.0,0.0,-2035.9788591469962,-7.141349915091059,0.0,62.10526315789473
2,0,0.1111111111111111,17,177.12,97.42,3.6960361800171673,0.0,3.6960361800171673,0.0,8.0,5.0,25.0,1,0,0,0.0,40.0,19.999999999999986,-61.30396381998283,0.0,61.30396381998283,0.0,5956.512174117844,-5956.512174117844,1229.1390000000001,0.0,200.0,-4527.3731741178435,-0.017011654250753325,174.91978002347628,96.20982932411393,1.3316228064648499,0.6683771935351502,235.8570314810542,65.11330619419434,0.0,51.601302332884146,0.0,9.574733847133025,-61.17603618001717,-0.12792763996566237,0.0,0.12792763996566237,-5026.998873269574,-921.1835092564851,-8.329791591784826,20.0
2,0,0.1111111111111111,18,66.42,36.53,3.5145576445205706,399.9566599464409,403.47121759096143,31.655019902697923,8.0,28.655019902697923,25.0,1,0,0,0.0,0.0,19.999999999999986,378.47121759096143,378.47121759096143,0.0,25178.284701121258,0.0,25178.284701121258,1229.1390000000001,0.0,0.0,26407.423701121257,0.004159327005877231,65.5949175088036,36.07621705204149,1.2208020776043453,0.7791979223956547,81.08567399448062,28.464100105113264,364.47210736141244,0.0,10.656675047626095,0.0,375.12878240903854,3.3424351819228946,3.3424351819228946,0.0,24208.237370945015,699.0237206671594,271.02360950908235,20.0
2,0,0.1111111111111111,19,66.42,36.53,3.239923794159825,348.4518041089297,351.69172790308954,27.821170573492545,8.0,48.47619047619047,25.0,1,0,0,0.0,0.0,19.999999999999986,326.69172790308954,326.69172790308954,0.0,21616.905750880353,0.26148346174274995,21616.64426741861,1229.1390000000001,0.0,0.0,22845.78326741861,-2.352032104169885e-05,65.5949175088036,36.07621705204149,1.1346756197566281,0.865324380243372,75.36515466423525,31.61029961029038,226.6999999999999,0.0,100.0,0.0,326.69999999999993,-0.008272096910388882,0.0,0.008272096910388882,15057.413999999993,6559.49175088036,-0.26148346174274995,20.0
2,0,0.1111111111111111,20,118.08,64.94,3.03541641232703,7.86172850792712,10.89714492025415,0.5238095238095309,8.0,41.0,25.0,1,0,0,0.0,0.0,19.999999999999986,-14.10285507974585,0.0,14.10285507974585,0.0,904.4626690260387,-904.4626690260387,1229.1390000000001,0.0,0.0,324.6763309739614,0.01180547077567681,116.61318668231752,64.13330236407266,1.2499937462798265,0.7500062537201734,147.5992615607219,48.70540611658806,0.0,0.0,0.0,14.10285507974585,-14.10285507974585,0.0,0.0,0.0,0.0,-904.4626690260387,0.0,20.0
2,0,0.1111111111111111,21,118.08,64.94,2.774820118654172,0.0,2.774820118654172,0.0,8.0,33.0,25.0,1,0,0,0.0,0.0,19.999999999999986,-22.225179881345827,0.0,22.225179881345827,0.0,1442.6813664605738,-1442.6813664605738,1229.1390000000001,0.0,0.0,-213.5423664605737,-0.005440817686676822,116.61318668231752,64.13330236407266,1.273186687044789,0.726813312955211,150.3378840062487,47.1992565433114,0.0,22.09167084809747,0.0,0.10314927055670253,-22.19482011865417,-0.0303597626916563,0.0,0.0303597626916563,-1434.6331048754496,-6.615303357246542,-1.43295822787754,20.0
2,0,0.1111111111111111,22,66.42,36.53,2.6899754311021007,248.23461487774898,250.9245903088511,22.5,8.0,47.5,25.0,1,0,0,0.0,0.0,19.999999999999986,225.9245903088511,225.9245903088511,0.0,15084.20793948265,0.0,15084.20793948265,1229.1390000000001,0.0,0.0,16313.34693948265,0.02280434642665433,65.5949175088036,36.07621705204149,1.2101614303659511,0.7898385696340489,80.37892220490647,28.852802948731807,120.32999999999998,0.0,94.40540969114895,0.0,214.73540969114893,11.189180617702164,11.189180617702164,0.0,7992.318599999999,6192.515061075724,899.3742784069295,20.0
2,0,0.1111111111111111,23,66.42,36.53,2.601364862005899,134.75686909663776,137.35823395864367,11.5,8.0,51.0,25.0,1,0,0,0.0,0.0,19.999999999999986,112.35823395864367,112.35823395864367,0.0,7505.43395731135,0.0,7505.43395731135,1229.1390000000001,0.0,0.0,8734.57295731135,0.028207455338299978,65.5949175088036,36.07621705204149,1.261681519029593,0.7383184809704072,83.80088649394557,26.970774109848975,5.160194494922493,0.0,100.0,0.0,105.1601944949225,7.198039463721173,7.198039463721173,0.0,342.740118352752,6559.49175088036,603.2020880782388,20.0
2,1,0.1111111111111111,0,118.08,64.94,2.460414684062836,0.0,2.460414684062836,0.0,8.0,42.0,20.0,1,1,0,17.460414684062844,0.0,33.968331747250275,-0.0791706318743195,0.0,0.0791706318743195,0.0,3.682289546685704,-3.682289546685704,969.9390000000001,87.4,87.30207342031422,1140.9587838736286,-0.01583412637486572,116.61318668231752,64.13330236407266,1.283788088431522,0.716211911568478,151.5896974819941,46.51080153725696,0.0,0.0,0.0,0.0,0.0,-0.0791706318743195,0.0,0.0791706318743195,0.0,0.0,-3.682289546685704,33.968331747250275
2,1,0.1111111111111111,1,118.08,64.94,2.550823126874165,0.0,2.550823126874165,0.0,8.0,34.0,25.0,1,0,0,22.449176873125836,0.0,51.927673245750945,0.0,0.0,0.0,0.0,0.0,0.0,1229.1390000000001,0.0,112.24588436562918,1341.3848843656292,0.008230484930499925,116.61318668231752,64.13330236407266,1.1844611085645027,0.8155388914354973,139.8611676992965,52.96109560982119,0.0,0.0,0.0,0.0,0.0,0.0,0.0,0.0,0.0,0.0,0.0,51.927673245750945
2,1,0.1111111111111111,2,66.42,36.53,2.5555256618781312,222.12667920355165,224.68220486542978,24.44624003447533,8.0,50.44624003447533,25.0,1,0,0,0.0,0.0,51.927673245750945,199.68220486542978,199.68220486542978,0.0,13218.332348985017,0.0,13218.332348985017,1229.1390000000001,0.0,0.0,14447.471348985018,-0.028317238829607856,65.5949175088036,36.07621705204149,1.153455510108977,0.8465444898910229,76.61251498143825,30.92427021571907,145.6758495588044,0.0,54.00635530662535,0.0,199.68220486542975,2.842170943040401e-14,2.842170943040401e-14,0.0,9675.789927695789,3542.5424212892276,2.177458639534912e-12,51.927673245750945
2,1,0.1111111111111111,3,66.42,36.53,2.6875608886164537,218.89653631871076,221.5840972073272,24.553759965524673,8.0,67.0,25.0,1,0,0,0.0,0.0,51.927673245750945,196.5840972073272,196.5840972073272,0.0,13568.587650528218,239.5261950525887,13329.061455475628,1229.1390000000001,0.0,0.0,14558.200455475628,-0.03671652737761515,65.5949175088036,36.07621705204149,1.223650522979474,0.7763494770205258,81.27486773629667,28.36004639555981,145.03,0.0,60.0,0.0,205.03,-8.445902792672797,0.0,8.445902792672797,9632.892600000001,3935.695050528216,-239.5261950525887,51.927673245750945
2,1,0.1111111111111111,4,88.56,48.71,2.888739144244134,31.439111019856995,34.32785016410113,3.2352941176470584,8.0,62.23529411764706,25.0,1,0,0,0.0,0.0,51.927673245750945,9.327850164101129,9.327850164101129,0.0,815.8127493982582,0.0,815.8127493982582,1229.1390000000001,0.0,0.0,2044.9517493982585,-0.037086951918621935,87.45989001173814,48.10491466205696,1.2243355126983986,0.7756644873016014,108.42715300457019,37.78261717646101,0.0,0.0,9.327850164101129,0.0,9.327850164101129,0.0,0.0,0.0,0.0,815.8127493982582,0.0,51.927673245750945
2,1,0.1111111111111111,5,88.56,48.71,3.136666222039749,63.2173778701221,66.35404409216184,6.470588235294117,8.0,60.705882352941174,25.0,1,0,0,0.0,0.0,51.927673245750945,41.35404409216184,41.35404409216184,0.0,3616.820147841044,0.0,3616.820147841044,1229.1390000000001,0.0,0.0,4845.959147841044,-0.031893141345756444,87.45989001173814,48.10491466205696,1.2150051440607983,0.7849948559392018,107.60085555802429,38.23709943279852,0.0,0.0,41.35404409216184,0.0,41.35404409216184,0.0,0.0,0.0,0.0,3616.820147841044,0.0,51.927673245750945
2,1,0.1111111111111111,6,118.08,64.94,3.3527481597602264,12.510540276133884,15.863288435894107,1.2941176470588245,8.0,54.0,25.0,1,0,0,7.743288435894087,0.0,58.122303994466215,-1.393423128211806,0.0,1.393423128211806,0.0,61.40726416813243,-61.40726416813243,1229.1390000000001,0.0,38.716442179470434,1206.4481780113383,-0.04207195435422111,116.61318668231752,64.13330236407266,1.3213834452406852,0.6786165547593148,156.0289572140201,44.0693590660699,0.0,0.0,0.0,0.0,0.0,-1.393423128211806,0.0,1.393423128211806,0.0,0.0,-61.40726416813243,58.122303994466215
2,1,0.1111111111111111,7,118.08,64.94,3.785283531697247,0.0,3.785283531697247,0.0,8.0,46.0,25.0,1,0,0,21.214716468302754,0.0,75.09407716910842,0.0,0.0,0.0,0.0,0.0,0.0,1229.1390000000001,0.0,106.07358234151377,1335.212582341514,0.006724343536501787,116.61318668231752,64.13330236407266,1.4010706332988283,0.5989293667011717,165.43842037992565,38.89447307357409,0.0,0.0,0.0,0.0,0.0,0.0,0.0,0.0,0.0,0.0,0.0,75.09407716910842
2,1,0.1111111111111111,8,177.12,97.42,3.9572011772956173,0.0,3.9572011772956173,0.0,8.0,38.0,25.0,1,0,0,0.0,0.0,75.09407716910842,-21.042798822704384,0.0,21.042798822704384,0.0,2048.1869272090566,-2048.1869272090566,1229.1390000000001,0.0,0.0,-819.0479272090565,-0.010699705676095671,174.91978002347628,96.20982932411393,1.2109174474204416,0.7890825525795584,214.4776982871086,76.87242227230058,0.0,20.92108244848287,0.0,0.03611872881274536,-20.957201177295616,-0.08559764540876813,0.0,0.08559764540876813,-2038.1318521312012,-3.474976734478187,-6.580098343377475,75.09407716910842
2,1,0.1111111111111111,9,177.12,97.42,4.122067972201963,0.0,4.122067972201963,0.0,8.0,30.0,25.0,1,0,0,0.0,0.0,75.09407716910842,-20.87793202779804,0.0,20.87793202779804,0.0,2028.819125414042,-2028.819125414042,1229.1390000000001,0.0,0.0,-799.6801254140419,-0.020886467410460154,174.91978002347628,96.20982932411393,1.2947498200238161,0.7052501799761839,229.3260881226183,68.70547253327983,0.0,20.653182736094724,0.0,0.04888523610723894,-20.702067972201963,-0.17586405559607599,0.0,0.17586405559607599,-2012.033062150348,-4.703240222346469,-12.082823041347396,75.09407716910842
2,1,0.1111111111111111,10,177.12,97.42,4.500634006820529,0.0,4.500634006820529,0.0,8.0,22.0,25.0,1,0,0,0.0,0.06605866285389439,75.02454173452537,-20.565424656033365,0.0,20.565424656033365,0.0,2003.4836699907705,-2003.4836699907705,1229.1390000000001,0.0,0.33029331426947195,-774.0143766765009,0.029893365405155303,174.91978002347628,96.20982932411393,1.3169488016175332,0.6830511983824669,233.2579717424975,66.54284774641992,0.0,20.565424656033365,0.0,0.0,-20.565424656033365,0.0,0.0,0.0,-2003.4836699907705,0.0,0.0,75.02454173452537
2,1,0.1111111111111111,11,177.12,97.42,4.512944616668233,0.0,4.512944616668233,0.0,8.0,14.0,25.0,1,0,0,0.0,28.219802867351394,45.3194860846818,-48.70685825068316,0.0,48.70685825068316,0.0,4710.914311425292,-4710.914311425292,1229.1390000000001,0.0,141.09901433675697,-3340.6762970885347,0.009607296793788068,174.91978002347628,96.20982932411393,1.2960143236874557,0.7039856763125443,229.55005701152217,68.58228458636806,0.0,20.522553312630897,0.0,28.184304938052264,-48.70685825068316,0.0,0.0,0.0,-1999.307143716502,-2711.60716770879,0.0,45.3194860846818
2,1,0.1111111111111111,12,66.42,36.53,4.552985206787904,230.58340636154742,235.1363915683353,17.222222222222218,8.0,23.222222222222218,25.0,1,0,0,0.0,0.0,45.3194860846818,210.1363915683353,210.1363915683353,0.0,13964.53297394862,0.0,13964.53297394862,1229.1390000000001,0.0,0.0,15193.671973948622,0.011774490397312083,65.5949175088036,36.07621705204149,1.3272442401925368,0.6727557598074632,88.1555624335883,24.57576790576663,144.12976417083848,0.0,63.27023582916152,0.0,207.4,2.736391568335307,2.736391568335307,0.0,9573.098936227092,4150.2058999764,241.22813774512778,45.3194860846818
2,1,0.1111111111111111,13,66.42,36.53,4.417737428412091,259.1541629705189,263.571900398931,20.162393162393165,8.0,35.38461538461539,25.0,1,0,0,0.0,0.0,45.3194860846818,238.571900398931,238.571900398931,0.0,15799.013364411863,0.0,15799.013364411863,1229.1390000000001,0.0,0.0,17028.152364411864,-0.011691850467093538,65.5949175088036,36.07621705204149,1.2126585285317604,0.7873414714682396,80.54477946507953,28.761583952734796,181.6900000000001,0.0,56.88190039893084,0.0,238.57190039893095,5.684341886080802e-14,5.684341886080802e-14,0.0,12067.849800000007,3731.163564411851,4.578440636184924e-12,45.3194860846818
2,1,0.1111111111111111,14,118.08,64.94,4.38539281031472,20.41164525441684,24.79703806473156,1.6153846153846183,8.0,29.0,25.0,1,0,0,0.20296193526844064,0.0,45.481855632896554,0.0,0.0,0.0,0.0,0.0,0.0,1229.1390000000001,0.0,1.0148096763422032,1230.1538096763422,0.003522382223047924,116.61318668231752,64.13330236407266,1.2983904386373581,0.7016095613626419,153.31394299429925,45.56252491488996,0.0,0.0,0.0,0.0,0.0,0.0,0.0,0.0,0.0,0.0,0.0,45.481855632896554
2,1,0.1111111111111111,15,118.08,64.94,4.220740593752284,0.0,4.220740593752284,0.0,8.0,21.0,25.0,1,0,0,20.779259406247718,0.0,62.105263157894726,0.0,0.0,0.0,0.0,0.0,0.0,1229.1390000000001,0.0,103.89629703123859,1333.0352970312388,0.0025512099174071624,116.61318668231752,64.13330236407266,1.4386954772228187,0.5613045227771815,169.8811619504704,36.451115709150166,0.0,0.0,0.0,0.0,0.0,0.0,0.0,0.0,0.0,0.0,0.0,62.10526315789473
2,1,0.1111111111111111,16,177.12,97.42,3.9732091581392823,0.0,3.9732091581392823,0.0,8.0,13.0,25.0,1,0,0,0.0,0.0,62.105263157894726,-21.026790841860716,0.0,21.026790841860716,0.0,2046.752432854261,-2046.752432854261,1229.1390000000001,0.0,0.0,-817.613432854261,-0.006697710465179434,174.91978002347628,96.20982932411393,1.304162039988539,0.695837960011461,230.99318052277002,67.78853406431654,0.0,20.898982335731844,0.0,0.07422682240743939,-20.973209158139284,-0.05358168372143268,0.0,0.05358168372143268,-2035.9788591469962,-7.141349915091059,-3.6322237921737743,62.10526315789473
2,1,0.1111111111111111,17,177.12,97.42,3.823963819982832,0.0,3.823963819982832,0.0,8.0,5.0,25.0,1,0,0,0.0,40.0,19.999999999999986,-61.176036180017164,0.0,61.176036180017164,1.5082541774275961e-12,5948.182382526059,-5948.182382526057,1229.1390000000001,0.0,200.0,-4519.043382526057,0.017011654250753325,174.91978002347628,96.20982932411393,1.1984411965480528,0.8015588034519472,212.26790473259112,78.0878586322887,0.0,51.601302332884146,0.0,9.574733847133025,-61.17603618001717,7.105427357601002e-15,7.105427357601002e-15,0.0,-5026.998873269574,-921.1835092564851,1.5082541774275961e-12,20.0
2,1,0.1111111111111111,18,66.42,36.53,3.48544235547943,396.6433400535591,400.1287824090385,31.655019902697923,8.0,28.655019902697923,25.0,1,0,0,0.0,0.0,19.999999999999986,375.1287824090385,375.1287824090385,0.0,24907.261091612174,1.4809589518660156e-12,24907.261091612174,1229.1390000000001,0.0,0.0,26136.400091612173,-0.004159327005877231,65.5949175088036,36.07621705204149,1.2867970050541948,0.7132029949458053,85.46905707569962,26.053305405370267,364.47210736141244,0.0,10.656675047626095,0.0,375.12878240903854,-5.684341886080802e-14,0.0,5.684341886080802e-14,24208.237370945015,699.0237206671594,-1.4809589518660156e-12,20.0
2,1,0.1111111111111111,19,66.42,36.53,3.2400762058401753,348.46819589107014,351.7082720969103,27.821170573492545,8.0,48.47619047619047,25.0,1,0,0,0.0,0.0,19.999999999999986,326.7082720969103,326.7082720969103,0.0,21617.646955328764,0.0,21617.646955328764,1229.1390000000001,0.0,0.0,22846.785955328764,2.352032104169885e-05,65.5949175088036,36.07621705204149,1.3490359778811674,0.6509640221188326,89.60296965086714,23.77971572800096,226.6999999999999,0.0,100.0,0.0,326.69999999999993,0.008272096910388882,0.008272096910388882,0.0,15057.413999999993,6559.49175088036,0.7412044484106068,20.0
2,1,0.1111111111111111,20,118.08,64.94,2.9645835876729696,7.6782714920731,10.642855079746068,0.5238095238095309,8.0,41.0,25.0,1,0,0,0.0,0.0,19.999999999999986,-14.357144920253932,0.0,14.357144920253932,0.0,916.5675297899011,-916.5675297899011,1229.1390000000001,0.0,0.0,312.57147021009905,-0.01180547077567681,116.61318668231752,64.13330236407266,1.2669754759425036,0.7330245240574964,149.60446419929082,47.602612592293816,0.0,0.0,0.0,14.10285507974585,-14.10285507974585,-0.2542898405080809,0.0,0.2542898405080809,0.0,-904.4626690260387,-12.104860763862359,20.0
2,1,0.1111111111111111,21,118.08,64.94,2.8051798813458286,0.0,2.8051798813458286,0.0,8.0,33.0,25.0,1,0,0,0.0,0.0,19.999999999999986,-22.19482011865417,0.0,22.19482011865417,0.0,1441.2484082326962,-1441.2484082326962,1229.1390000000001,0.0,0.0,-212.10940823269607,0.005440817686676822,116.61318668231752,64.13330236407266,1.201833017402724,0.798166982597276,141.91244269491366,51.832963849867106,0.0,22.09167084809747,0.0,0.10314927055670253,-22.19482011865417,0.0,0.0,0.0,-1434.6331048754496,-6.615303357246542,0.0,20.0
2,1,0.1111111111111111,22,66.42,36.53,2.570024568897899,237.165385122251,239.73540969114887,22.5,8.0,47.5,25.0,1,0,0,0.0,0.0,19.999999999999986,214.73540969114887,214.73540969114887,0.0,14184.833661075721,1.2880439449074588e-12,14184.83366107572,1229.1390000000001,0.0,0.0,15413.97266107572,-0.02280434642665433,65.5949175088036,36.07621705204149,1.3797013766166022,0.6202986233833979,91.63976543487472,22.659508712195528,120.32999999999998,0.0,94.40540969114895,0.0,214.73540969114893,-5.684341886080802e-14,0.0,5.684341886080802e-14,7992.318599999999,6192.515061075724,-1.2880439449074588e-12,20.0
2,1,0.1111111111111111,23,66.42,36.53,2.458635137994101,127.36313090336255,129.82176604135665,11.5,8.0,51.0,25.0,1,0,0,0.0,0.0,19.999999999999986,104.82176604135665,104.82176604135665,0.0,6902.231869233112,10.331916289126955,6891.899952943985,1229.1390000000001,0.0,0.0,8121.038952943985,-0.028207455338299978,65.5949175088036,36.07621705204149,1.16427318495353,0.8357268150464701,77.33102494461346,30.529100553647552,5.160194494922493,0.0,100.0,0.0,105.1601944949225,-0.3384284535658395,0.0,0.3384284535658395,342.740118352752,6559.49175088036,-10.331916289126955,20.0
2,2,0.1111111111111111,0,118.08,64.94,2.5,0.0,2.5,0.0,8.0,42.0,20.0,1,1,0,17.460414684062844,0.0,33.968331747250275,-0.039585315937156196,0.0,0.039585315937156196,0.0,1.8561188553442476,-1.8561188553442476,969.9390000000001,87.4,87.30207342031422,1142.7849545649701,0.0,116.61318668231752,64.13330236407266,1.2779631168977246,0.7220368831022754,150.9018848432833,46.889075188661764,0.0,0.0,0.0,0.0,0.0,-0.039585315937156196,0.0,0.039585315937156196,0.0,0.0,-1.8561188553442476,33.968331747250275
2,2,0.1111111111111111,1,118.08,64.94,2.53,0.0,2.53,0.0,8.0,34.0,25.0,1,0,0,22.449176873125836,0.0,51.927673245750945,-0.020823126874162767,0.0,0.020823126874162767,0.0,1.0306305636225959,-1.0306305636225959,1229.1390000000001,0.0,112.24588436562918,1340.3542538020065,0.0,116.61318668231752,64.13330236407266,1.2378423943074377,0.7621576056925624,146.16442991982225,49.494514913675005,0.0,0.0,0.0,0.0,0.0,-0.020823126874162767,0.0,0.020823126874162767,0.0,0.0,-1.0306305636225959,51.927673245750945
2,2,0.1111111111111111,2,66.42,36.53,2.63,228.60000000000002,231.23000000000002,24.44624003447533,8.0,50.44624003447533,25.0,1,0,0,0.0,0.0,51.927673245750945,206.23000000000002,206.23000000000002,0.0,13725.892650086646,0.0,13725.892650086646,1229.1390000000001,0.0,0.0,14955.031650086647,0.0,65.5949175088036,36.07621705204149,1.1670613650497021,0.8329386349502979,77.51621586660121,30.427248334734383,145.6758495588044,0.0,54.00635530662535,0.0,199.68220486542975,6.547795134570265,6.547795134570265,0.0,9675.789927695789,3542.5424212892276,507.5603011016298,51.927673245750945
2,2,0.1111111111111111,3,66.42,36.53,2.79,227.24,230.03,24.553759965524673,8.0,67.0,25.0,1,0,0,0.0,0.0,51.927673245750945,205.03,205.03,0.0,13568.587650528218,0.0,13568.587650528218,1229.1390000000001,0.0,0.0,14797.726650528217,0.0,65.5949175088036,36.07621705204149,1.3445695038508938,0.6554304961491061,89.30630644577637,23.942876024326846,145.03,0.0,60.0,0.0,205.03,0.0,0.0,0.0,9632.892600000001,3935.695050528216,0.0,51.927673245750945
2,2,0.1111111111111111,4,88.56,48.71,3.0,32.65,35.65,3.2352941176470584,8.0,62.23529411764706,25.0,1,0,0,0.0,0.0,51.927673245750945,10.649999999999999,10.649999999999999,0.0,963.9651487731553,0.0,963.9651487731553,1229.1390000000001,0.0,0.0,2193.1041487731554,0.0,87.45989001173814,48.10491466205696,1.2652909626640523,0.7347090373359478,112.05416765352847,35.78767720863402,0.0,0.0,9.327850164101129,0.0,9.327850164101129,1.3221498358988697,1.3221498358988697,0.0,0.0,815.8127493982582,148.1523993748971,51.927673245750945
2,2,0.1111111111111111,5,88.56,48.71,3.24,65.3,68.53999999999999,6.470588235294117,8.0,60.705882352941174,25.0,1,0,0,0.0,0.0,51.927673245750945,43.53999999999999,43.53999999999999,0.0,3843.0112525693667,0.0,3843.0112525693667,1229.1390000000001,0.0,0.0,5072.150252569367,0.0,87.45989001173814,48.10491466205696,1.1684133652467976,0.8315866347532025,103.4746876262564,40.50658497882849,0.0,0.0,41.35404409216184,0.0,41.35404409216184,2.1859559078381494,2.1859559078381494,0.0,0.0,3616.820147841044,226.19110472832222,51.927673245750945
2,2,0.1111111111111111,6,118.08,64.94,3.5,13.060000000000011,16.56000000000001,1.2941176470588245,8.0,54.0,25.0,1,0,0,7.743288435894087,0.0,58.122303994466215,-0.6967115641059038,0.0,0.6967115641059038,0.0,32.291750615202645,-32.291750615202645,1229.1390000000001,0.0,38.716442179470434,1235.563691564268,0.0,116.61318668231752,64.13330236407266,1.2862825971326046,0.7137174028673954,151.88424906941796,46.348808142208654,0.0,0.0,0.0,0.0,0.0,-0.6967115641059038,0.0,0.6967115641059038,0.0,0.0,-32.291750615202645,58.122303994466215
2,2,0.1111111111111111,7,118.08,64.94,3.76,0.0,3.76,0.0,8.0,46.0,25.0,1,0,0,21.214716468302754,0.0,75.09407716910842,-0.025283531697247952,0.0,0.025283531697247952,0.0,1.2971546111683172,-1.2971546111683172,1229.1390000000001,0.0,106.07358234151377,1333.9154277303455,0.0,116.61318668231752,64.13330236407266,1.2099733859655761,0.7900266140344238,142.87365741481523,51.30432831539548,0.0,0.0,0.0,0.0,0.0,-0.025283531697247952,0.0,0.025283531697247952,0.0,0.0,-1.2971546111683172,75.09407716910842
2,2,0.1111111111111111,8,177.12,97.42,4.0,0.0,4.0,0.0,8.0,38.0,25.0,1,0,0,0.0,0.0,75.09407716910842,-21.0,0.0,21.0,0.0,2045.213216087003,-2045.213216087003,1229.1390000000001,0.0,0.0,-816.0742160870029,0.0,174.91978002347628,96.20982932411393,1.135047202734739,0.864952797265261,201.03956054837695,84.26370150958172,0.0,20.92108244848287,0.0,0.03611872881274536,-20.957201177295616,-0.042798822704384065,0.0,0.042798822704384065,-2038.1318521312012,-3.474976734478187,-3.606387221323728,75.09407716910842
2,2,0.1111111111111111,9,177.12,97.42,4.21,0.0,4.21,0.0,8.0,30.0,25.0,1,0,0,0.0,0.0,75.09407716910842,-20.79,0.0,20.79,0.0,2023.6375583812182,-2023.6375583812182,1229.1390000000001,0.0,0.0,-794.4985583812181,0.0,174.91978002347628,96.20982932411393,1.1943750189143916,0.8056249810856084,211.54770335011705,78.48398565735998,0.0,20.653182736094724,0.0,0.04888523610723894,-20.702067972201963,-0.08793202779803622,0.0,0.08793202779803622,-2012.033062150348,-4.703240222346469,-6.901256008523654,75.09407716910842
2,2,0.1111111111111111,10,177.12,97.42,4.37,0.0,4.37,0.0,8.0,22.0,25.0,1,0,0,0.0,0.06605866285389439,75.02454173452537,-20.696058662853893,0.0,20.696058662853893,0.0,2012.9181942253595,-2012.9181942253595,1229.1390000000001,0.0,0.33029331426947195,-783.4489009110898,0.0,174.91978002347628,96.20982932411393,1.2586630765528326,0.7413369234471674,222.9344041190377,72.22104308222305,0.0,20.565424656033365,0.0,0.0,-20.565424656033365,-0.13063400682052873,0.0,0.13063400682052873,-2003.4836699907705,0.0,-9.434524234588824,75.02454173452537
2,2,0.1111111111111111,11,177.12,97.42,4.47,0.0,4.47,0.0,8.0,14.0,25.0,1,0,0,0.0,28.219802867351394,45.3194860846818,-48.74980286735139,0.0,48.74980286735139,0.0,4713.88799570925,-4713.88799570925,1229.1390000000001,0.0,141.09901433675697,-3343.649981372493,0.0,174.91978002347628,96.20982932411393,1.2892154128794682,0.7107845871205318,228.3458339292114,69.24463447728222,0.0,20.522553312630897,0.0,28.184304938052264,-48.70685825068316,-0.042944616668229685,0.0,0.042944616668229685,-1999.307143716502,-2711.60716770879,-2.973684283958566,45.3194860846818
2,2,0.1111111111111111,12,66.42,36.53,4.5,227.9,232.4,17.222222222222218,8.0,23.222222222222218,25.0,1,0,0,0.0,0.0,45.3194860846818,207.4,207.4,0.0,13723.304836203493,0.0,13723.304836203493,1229.1390000000001,0.0,0.0,14952.443836203493,0.0,65.5949175088036,36.07621705204149,1.2511700976273414,0.7488299023726587,83.10271788440802,27.354756333673222,144.12976417083848,0.0,63.27023582916152,0.0,207.4,0.0,0.0,0.0,9573.098936227092,4150.2058999764,0.0,45.3194860846818
2,2,0.1111111111111111,13,66.42,36.53,4.47,262.22000000000014,266.69000000000017,20.162393162393165,8.0,35.38461538461539,25.0,1,0,0,0.0,0.0,45.3194860846818,241.69000000000017,241.69000000000017,0.0,16056.290541863158,0.0,16056.290541863158,1229.1390000000001,0.0,0.0,17285.42954186316,0.0,65.5949175088036,36.07621705204149,1.242259731492244,0.7577402685077562,82.51089136571484,27.680252008588337,181.6900000000001,0.0,56.88190039893084,0.0,238.57190039893095,3.1180996010692184,3.1180996010692184,0.0,12067.849800000007,3731.163564411851,257.27717745130104,45.3194860846818
2,2,0.1111111111111111,14,118.08,64.94,4.37,20.340000000000046,24.710000000000047,1.6153846153846183,8.0,29.0,25.0,1,0,0,0.20296193526844064,0.0,45.481855632896554,-0.08703806473151232,0.0,0.08703806473151232,0.0,4.096814702412044,-4.096814702412044,1229.1390000000001,0.0,1.0148096763422032,1226.0569949739302,0.0,116.61318668231752,64.13330236407266,1.2751889410201591,0.7248110589798409,150.57431015566038,47.06923017015087,0.0,0.0,0.0,0.0,0.0,-0.08703806473151232,0.0,0.08703806473151232,0.0,0.0,-4.096814702412044,45.481855632896554
2,2,0.1111111111111111,15,118.08,64.94,4.21,0.0,4.21,0.0,8.0,21.0,25.0,1,0,0,20.779259406247718,0.0,62.105263157894726,-0.010740593752281313,0.0,0.010740593752281313,0.0,0.5410174849354791,-0.5410174849354791,1229.1390000000001,0.0,103.89629703123859,1332.4942795463032,0.0,116.61318668231752,64.13330236407266,1.22434119552352,0.7756588044764801,144.57020836741722,50.37128276270261,0.0,0.0,0.0,0.0,0.0,-0.010740593752281313,0.0,0.010740593752281313,0.0,0.0,-0.5410174849354791,62.10526315789473
2,2,0.1111111111111111,16,177.12,97.42,4.0,0.0,4.0,0.0,8.0,13.0,25.0,1,0,0,0.0,0.0,62.105263157894726,-21.0,0.0,21.0,0.0,2044.8422510940131,-2044.8422510940131,1229.1390000000001,0.0,0.0,-815.703251094013,0.0,174.91978002347628,96.20982932411393,1.3402046332436457,0.6597953667563543,237.37704464011452,64.27726462940404,0.0,20.898982335731844,0.0,0.07422682240743939,-20.973209158139284,-0.02679084186071634,0.0,0.02679084186071634,-2035.9788591469962,-7.141349915091059,-1.7220420319257796,62.10526315789473
2,2,0.1111111111111111,17,177.12,97.42,3.76,0.0,3.76,0.0,8.0,5.0,25.0,1,0,0,0.0,40.0,19.999999999999986,-61.24,0.0,61.24,0.0,5952.856533731724,-5952.856533731724,1229.1390000000001,0.0,200.0,-4523.717533731724,0.0,174.91978002347628,96.20982932411393,1.2498981443707833,0.7501018556292166,221.38195933095315,73.07492277539828,0.0,51.601302332884146,0.0,9.574733847133025,-61.17603618001717,-0.06396381998283118,0.0,0.06396381998283118,-5026.998873269574,-921.1835092564851,-4.674151205664866,20.0
2,2,0.1111111111111111,18,66.42,36.53,3.5,398.29999999999995,401.79999999999995,31.655019902697923,8.0,28.655019902697923,25.0,1,0,0,0.0,0.0,19.999999999999986,376.79999999999995,376.79999999999995,0.0,25047.23834628551,0.0,25047.23834628551,1229.1390000000001,0.0,0.0,26276.37734628551,0.0,65.5949175088036,36.07621705204149,1.261030532595276,0.738969467404724,83.75764797497823,26.99455464429457,364.47210736141244,0.0,10.656675047626095,0.0,375.12878240903854,1.6712175909614189,1.6712175909614189,0.0,24208.237370945015,699.0237206671594,139.97725467333768,20.0
2,2,0.1111111111111111,19,66.42,36.53,3.24,348.4599999999999,351.69999999999993,27.821170573492545,8.0,48.47619047619047,25.0,1,0,0,0.0,0.0,19.999999999999986,326.69999999999993,326.69999999999993,0.0,21616.905750880353,0.0,21616.905750880353,1229.1390000000001,0.0,0.0,22846.04475088035,0.0,65.5949175088036,36.07621705204149,1.2810972276406016,0.7189027723593984,85.09047785988876,26.26151827428882,226.6999999999999,0.0,100.0,0.0,326.69999999999993,0.0,0.0,0.0,15057.413999999993,6559.49175088036,0.0,20.0
2,2,0.1111111111111111,20,118.08,64.94,3.0,7.770000000000111,10.77000000000011,0.5238095238095309,8.0,41.0,25.0,1,0,0,0.0,0.0,19.999999999999986,-14.22999999999989,0.0,14.22999999999989,0.0,911.2824121397542,-911.2824121397542,1229.1390000000001,0.0,0.0,317.8565878602459,0.0,116.61318668231752,64.13330236407266,1.174044369836981,0.825955630163019,138.6311591903507,53.63755862278645,0.0,0.0,0.0,14.10285507974585,-14.10285507974585,-0.12714492025403956,0.0,0.12714492025403956,0.0,-904.4626690260387,-6.819743113715555,20.0
2,2,0.1111111111111111,21,118.08,64.94,2.79,0.0,2.79,0.0,8.0,33.0,25.0,1,0,0,0.0,0.0,19.999999999999986,-22.21,0.0,22.21,0.0,1442.0437430401087,-1442.0437430401087,1229.1390000000001,0.0,0.0,-212.90474304010854,0.0,116.61318668231752,64.13330236407266,1.1931936115957864,0.8068063884042136,140.89230165723046,52.394006862969626,0.0,22.09167084809747,0.0,0.10314927055670253,-22.19482011865417,-0.015179881345829926,0.0,0.015179881345829926,-1434.6331048754496,-6.615303357246542,-0.7953348074124778,20.0
2,2,0.1111111111111111,22,66.42,36.53,2.63,242.7,245.32999999999998,22.5,8.0,47.5,25.0,1,0,0,0.0,0.0,19.999999999999986,220.32999999999998,220.32999999999998,0.0,14696.90811575745,0.0,14696.90811575745,1229.1390000000001,0.0,0.0,15926.04711575745,0.0,65.5949175088036,36.07621705204149,1.3780530962686095,0.6219469037313904,91.53028665416105,22.719720393307693,120.32999999999998,0.0,94.40540969114895,0.0,214.73540969114893,5.594590308851053,5.594590308851053,0.0,7992.318599999999,6192.515061075724,512.0744546817283,20.0
2,2,0.1111111111111111,23,66.42,36.53,2.53,131.06000000000014,133.59000000000015,11.5,8.0,51.0,25.0,1,0,0,0.0,0.0,19.999999999999986,108.59000000000015,108.59000000000015,0.0,7190.247236812,0.0,7190.247236812,1229.1390000000001,0.0,0.0,8419.386236811999,0.0,65.5949175088036,36.07621705204149,1.2642917284275632,0.7357082715724367,83.97425660215875,26.875423160541114,5.160194494922493,0.0,100.0,0.0,105.1601944949225,3.4298055050776526,3.4298055050776526,0.0,342.740118352752,6559.49175088036,288.0153675788875,20.0
