scenario,rt,hour,prob_joint,price_da_buy_eur_mwh,price_da_sell_eur_mwh,price_sr_up_eur_mw_h,price_id_buy_eur_mwh,price_id_sell_eur_mwh,price_bal_deficit_eur_mwh,price_bal_surplus_eur_mwh,rho,rt_load_rel_dev,p_da_buy_mw,p_da_sell_mw,p_id_buy_mw,p_id_sell_mw,p_mt_mw,p_mt_rt_mw,p_bess_ch_mw,p_bess_dis_mw,soc_path_mwh,r_mt_mw,r_bess_dis_mw,r_bess_ch_mw,r_dr_mw,r_total_mw,load_rt_mw,imb_deficit_mw,imb_surplus_mw,p_phys_import_mw,rev_da_eur,rev_id_eur,rev_sr_eur,rev_act_eur,cost_bal_eur,cost_mt_eur,cost_bess_eur,cost_dr_eur,profit_hour_eur
0,0,0,0.1111111111111111,117.55242898436306,64.64985381304655,16.104083033506676,115.43758134388737,63.48675925196515,144.18626850357992,50.002144307813296,0.2504932271013454,0.001025783017595525,0.0,0.0,0.0,0.0,20.0,20.0,17.49743554245601,0.0,30.49155715794274,0.0,0.0,17.49743554245601,0.0,17.49743554245601,2.502564457543989,0.0,8.881784197001252e-16,-4.382989095027587,0.0,0.0,281.7801548491425,283.35960425771066,-4.4410825512931226e-14,1057.3390000000002,65.57223223714212,0.0,-557.7714731302891
0,0,1,0.1111111111111111,122.91729684036481,67.60034939713152,11.374686786310535,100.18024053392459,55.09573865407404,158.42694830655472,48.071243992199506,0.004949868974911665,0.0332494107779964,0.0,22.385878990731662,0.0,0.0,25.0,25.0,0.0,0.0,30.422269147277046,0.0,13.29805101226657,0.0,0.0,13.29805101226657,2.6141210092683305,0.0,7.105427357601002e-15,-22.45170260086408,1513.2932413353662,0.0,151.261165132912,4.449699043531547,-3.4156673217608717e-13,1229.1390000000001,0.32911805066205474,0.0,439.53598746114824
0,0,2,0.1111111111111111,63.44764591003819,34.895250001410645,7.5750109847748925,60.577265159983476,33.316583804489554,85.57572345422669,22.725140505939308,0.12502051138501583,0.049342952352860216,261.73000000000013,0.0,100.0,0.0,25.0,25.0,0.0,0.0,30.422269147277046,0.0,0.0,0.0,0.0,0.0,405.8123999634216,19.082399963421494,0.0,380.8123999634216,-16606.152364034304,-6057.726515998347,0.0,0.0,1632.9901821127032,1229.1390000000001,0.0,0.0,-25526.008062145353
0,0,3,0.1111111111111111,57.84384166462652,31.813242035664057,7.635598884863131,57.435749258060845,31.58879735617228,81.50430135557633,18.800345430569255,0.06142005538796439,0.017358401568812108,162.57999999999996,0.0,100.0,0.0,25.0,25.0,40.0,0.0,60.456827374862186,0.0,0.0,40.0,0.0,40.0,251.87759306040647,4.297593060406541,0.0,264.4207908448879,-9404.251777834976,-5743.574925806084,305.42395539452525,78.15884351604814,350.27231989900827,1229.1390000000001,187.71598892240712,0.0,-16531.3712135519
0,0,4,0.1111111111111111,82.33672364246883,45.28705745962801,9.325916675355044,82.82102413515297,45.55343366783312,94.6103155232517,38.53630474380897,0.1667718405481244,0.003263772674732535,10.533646504145793,0.0,0.0,0.0,25.0,25.0,0.0,0.0,53.434855141256946,0.0,40.0,0.0,3.265,43.265,35.76635349585421,0.2327069917084188,0.0,3.5509698145396085,-867.30594115931,0.0,403.485784959236,326.7634953689567,22.01648191000022,1229.1390000000001,33.354368109624886,81.67650890844394,-1503.2430197591864
0,0,5,0.1111111111111111,75.96485958539016,41.78238832886579,10.242947056801386,66.99781441864691,36.850310979361915,99.62793992273842,28.767159746749332,0.07908553867010548,-0.010698957027962685,40.77391269506979,0.0,2.7660873049302097,0.0,25.0,25.0,0.0,0.0,50.10493772356829,0.0,40.0,0.0,0.0,40.0,67.80669348530343,0.0,0.7333065146965723,39.643271938499204,-3097.3845526279338,-185.3218039214894,409.7178822720554,132.1753075164752,-21.09514565160828,1229.1390000000001,15.817107734021096,0.0,-3964.674128843306
0,0,6,0.1111111111111111,118.59584539728094,65.22369749406694,13.765348489453629,113.7839179870652,62.57730042411936,151.18396025580284,47.30133825531006,0.25059385894202785,0.007254058364949432,0.0,4.986539460143091,0.0,0.0,21.666666666666664,22.501979529806757,0.0,0.0,39.55361734706186,3.3333333333333335,40.0,0.0,1.3060000000000012,44.63933333333334,16.680127206523572,0.0,8.881784197001252e-16,-16.17288226074259,325.24054129060085,0.0,614.4759796702172,729.6146388912352,-4.2012027861302365e-14,1099.6416188251824,50.11877178840557,49.0913369667433,470.4794322717219
0,0,7,0.1111111111111111,143.70063356486392,79.03048055303407,19.31569886536714,132.45602132100862,72.84632473396256,177.09140664865015,60.66668648070109,0.059586059278924325,0.003006888481874837,0.0,21.22869409930815,0.0,0.0,25.0,25.0,0.0,0.0,37.04473064058084,0.0,40.0,0.0,0.0,40.0,3.771305900691849,0.0,0.0,-23.612136470465124,1677.7138961816818,0.0,772.6279546146856,188.36459596299858,0.0,1229.1390000000001,11.917211855784867,0.0,1397.650234903581
0,0,8,0.1111111111111111,163.74888175400017,90.06558299726004,25.681606303887506,152.99833918825445,84.15254180058575,192.6835423157453,74.15086624068137,0.038437866446158854,0.019729387879281954,0.0,0.0,0.0,20.92108244848287,25.0,25.0,0.0,0.0,35.426294158637305,0.0,40.0,0.0,0.0,40.0,4.078917551517128,0.0,0.0,-22.458597106329226,0.0,1760.5622652594557,1027.2642521555003,138.47715402576466,0.0,1229.1390000000001,7.6875732892317705,0.0,1689.477098151489
0,0,9,0.1111111111111111,160.6284265965173,88.34926218966076,16.50556838607044,174.29786059627065,95.86775959399664,216.60627292798773,57.56018252834725,0.09242657742381544,-0.03249816244780945,0.0,0.0,0.0,20.653182736094724,25.0,25.0,0.0,0.0,31.534648793424022,0.0,40.0,0.0,0.0,40.0,4.073182736094722,0.0,0.27363452781055386,-24.623880360857896,0.0,1979.9743573948108,660.2227354428176,326.632796884386,-15.750453366833591,1229.1390000000001,18.48531548476309,0.0,1734.956027604085
0,0,10,0.1111111111111111,189.73746069898127,104.35988833160997,23.24303498689743,177.29917444216665,97.5185499895883,220.79450249740972,87.27781396393326,0.08208145630267706,0.018098273124102827,0.0,20.55091054644767,0.0,0.0,25.0,25.0,0.0,0.0,28.07858747541657,0.0,40.0,0.0,0.0,40.0,4.44908945355233,0.0,0.0,-23.834168798554753,2144.6907297401845,0.0,929.7213994758972,342.64046455373204,0.0,1229.1390000000001,16.416291260535413,0.0,2171.4973025092786
0,0,11,0.1111111111111111,185.9909607688878,102.2992287607557,19.940902474395322,184.91501443906608,101.70743398065616,238.68421020315287,73.31675157079351,0.043665361673693406,0.008544592030726801,0.0,20.49180567362265,0.0,0.0,25.0,25.0,0.0,0.0,26.240045931261058,0.0,40.0,0.0,0.0,40.0,4.508194326377349,0.0,0.0,-22.238420140570387,2096.295916326875,0.0,797.636098975813,178.67731291113185,0.0,1229.1390000000001,8.733072334738681,0.0,1834.7372558790817
0,0,12,0.1111111111111111,67.16470643011831,36.93957732448393,8.103840245219896,71.85851361532985,39.52110060776875,90.8869687438303,23.892690207352057,0.047664342281770765,0.021455838097015588,290.94999999999993,0.0,51.933677667427105,0.0,25.0,25.0,0.0,0.0,24.23312625623913,0.0,40.0,0.0,37.145,77.14500000000001,384.01632233257294,16.132644665145904,0.0,355.33925664724575,-19541.57133584292,-3731.876883758963,625.170755717489,135.82925221035083,1466.2471714364362,1229.1390000000001,9.532868456354153,265.5737991084563,-25482.94105067529
0,0,13,0.1111111111111111,57.498885417593584,31.62352129335582,5.333795690609727,54.70075593330543,30.084592204812516,66.0031726450322,26.946291356313775,0.10329398822821467,0.009595910842765487,326.6518963991772,0.0,19.684016497342327,0.0,25.0,25.0,10.997193138442896,0.0,33.03088076699345,0.0,0.0,0.0,0.0,0.0,367.3212802419234,6.9825604838467825,0.0,353.3184733803663,-18782.11996249594,-1076.7305822082803,0.0,0.0,460.87114511971873,1229.1390000000001,54.98596569221448,0.0,-21603.846655516158
0,0,14,0.1111111111111111,117.01617133835727,64.35493027365278,12.258116466872318,115.60462751540389,63.57862898755359,142.55659474257246,50.308562591829165,0.10205168797276282,-0.0033408191041371877,0.0,1.9108859385062598,0.0,0.0,21.666666666666664,22.006838959909206,0.0,0.0,28.733967589192908,3.3333333333333335,40.0,0.0,1.5319999999999947,44.86533333333333,19.624219271839486,0.0,0.13156145632091842,-6.6210303929545065,122.9749313334739,0.0,549.9644813250488,294.6543895966163,-6.618667759993123,1073.9735316816932,20.410337594552566,23.451477896140815,-143.62287715725438
0,0,15,0.1111111111111111,130.4507021841554,71.74346713955836,14.753681776309378,131.18814652392675,72.14903654525578,151.50144795358617,60.1662700675154,0.03912960143415732,0.009110152343859769,0.0,17.412652633533526,0.0,0.005660291765490655,21.666666666666664,21.797098671447188,0.0,0.0,27.08640542354418,3.3333333333333357,40.0,0.0,0.0,43.333333333333336,4.248353741367649,0.0,0.0,-19.113928987445835,1249.244072026457,0.4083845974451956,639.3262103067398,121.64937523593754,0.0,1063.1005951278223,7.825920286831465,0.0,939.7015267519255
0,0,16,0.1111111111111111,144.10365127991267,79.2602625772871,20.287847864184656,144.37807548924508,79.41120208989528,181.16055658902906,58.87812778045942,0.04328714269473363,0.02525441606703857,0.0,0.0,0.0,20.898982335731844,25.0,25.0,0.0,0.0,25.26378888902908,0.0,40.0,0.0,0.0,40.0,4.101017664268154,0.0,0.0,-22.63046804352119,0.0,1659.6133097359532,811.5139145673862,137.23801184820329,0.0,1229.1390000000001,8.657428538946727,0.0,1370.568807612596
0,0,17,0.1111111111111111,164.60071945048372,90.534112967853,24.344440918420663,148.7576085482888,81.82004417781332,226.563930404314,56.452947593405476,0.013689023714724783,0.010291932743580305,0.0,0.0,0.0,21.20130233288414,25.0,25.0,0.0,0.0,24.687408943145932,0.0,40.0,0.0,0.0,40.0,3.7986976671158614,0.0,0.0,-21.74886328147313,0.0,1734.6914935037569,973.7776367368265,49.57294477634049,0.0,1229.1390000000001,2.7378047429449563,0.0,1526.165270273979
0,0,18,0.1111111111111111,49.707327622621506,27.338281813525498,4.486995233098521,49.8512503200799,27.41743713026978,71.5076510748128,15.34843213408334,0.22260359943174834,0.002508291360463453,139.1886314646004,0.0,0.0,0.0,20.0,20.742011998105827,14.238631464600573,0.0,36.07831411482639,3.3333333333333335,0.0,0.0,0.0,3.3333333333333335,145.31357683269917,0.36357683269932295,0.0,138.8101962991939,-6918.694905555217,0.0,14.95665077699507,20.28533311323427,25.998525291548773,1008.4049019818062,71.19315732300286,0.0,-7989.0495062613445
0,0,19,0.1111111111111111,54.483892597266106,29.96532063502154,5.466907499151866,60.54645871887636,33.299640725693365,62.12220290895826,25.764364963746107,0.048549987242141726,0.017961741475700264,186.66292949667798,0.0,0.0,0.0,21.666666666666664,21.828499957473802,0.0,0.0,34.034104125683584,3.3333333333333335,40.0,0.0,0.0,43.333333333333336,215.95040383665514,7.620807673310509,0.0,192.17990438949568,-10170.123002588058,0.0,236.89932496324752,63.04202382993589,473.4213606115415,1064.728437795442,9.709997448428345,0.0,-11418.041449650285
0,0,20,0.1111111111111111,89.16063758516736,49.035330325040384,11.935973315523915,78.52900800568968,43.18829420638116,107.0939604845098,39.17261022779024,0.16932984851625787,-0.01011113052131195,0.0,0.0,0.0,0.0,12.565782463685256,13.130215292072782,0.0,0.0,27.330305715933974,3.3333333333333335,37.61066666666661,0.0,0.0,40.943999999999946,12.314217536315013,0.0,0.25156492737024294,-7.184606245019896,0.0,0.0,488.70649143081056,339.96397116810397,-9.854454846856887,635.6712581184898,31.843042446310633,0.0,171.01061688097104
0,0,21,0.1111111111111111,113.45839950183935,62.3982762842941,8.95927001822092,121.1448407313192,66.62555857970756,146.94701055283377,43.98067464429089,0.08112564370471623,-0.042411882402340666,0.0,0.0,0.0,22.09167084809747,25.0,25.0,0.0,0.0,23.91448913889329,0.0,40.0,0.0,0.0,40.0,2.67167084809747,0.0,0.23665830380506137,-25.57335490009118,0.0,1471.8699102135356,358.3708007288368,202.4840131851235,-10.408391861520153,1229.1390000000001,16.225128740943244,0.0,797.7689872480729
0,0,22,0.1111111111111111,54.664734721063894,30.064781080404458,5.86100616213204,55.01286792382761,30.256249100533314,75.64823090141412,18.524174102563542,0.2751171080224858,-0.015967564735415676,122.19157166687663,0.0,0.0,0.0,25.0,25.0,0.0,0.0,23.91448913889329,0.0,0.0,0.0,0.0,0.0,147.1915716668765,0.0,1.1368683772161603e-13,122.19157166687651,-6679.569850319678,0.0,0.0,0.0,-2.1059547751251037e-12,1229.1390000000001,0.0,0.0,-7908.7088503196765
0,0,23,0.1111111111111111,68.85655475821859,37.870068432967855,7.943106954152055,65.20315077757863,35.86075124819252,87.52984654535133,27.600039089638152,0.19868379985834408,-0.02567411860975851,84.83082181620208,0.0,100.0,0.0,25.0,25.0,0.0,0.0,19.999999999999954,0.0,18.717000000000223,0.0,21.283000000000083,40.000000000000306,209.8308218162022,1.1368683772161603e-13,0.0,176.88346982186837,-5841.158127572003,-6520.315077757863,317.7242781660846,300.9667638863055,9.95099145999931e-12,1229.1390000000001,18.593823409743354,634.2880968577731,-13624.803083545003
0,1,0,0.1111111111111111,117.55242898436306,64.64985381304655,16.104083033506676,115.43758134388737,63.48675925196515,140.0126205348316,52.2975093068861,0.07493832082254523,-0.001025783017595525,0.0,0.0,0.0,0.0,20.0,20.0,17.49743554245601,0.0,32.94896568336291,0.0,0.0,17.49743554245601,0.0,17.49743554245601,2.497435542456011,0.0,0.005128915087978747,-1.316357353340353,0.0,0.0,281.7801548491425,84.77072684852531,-0.26822948454779705,1057.3390000000002,80.93103552101817,0.0,-771.4509243388027
0,1,1,0.1111111111111111,122.91729684036481,67.60034939713152,11.374686786310535,100.18024053392459,55.09573865407404,155.03337678549184,49.93759337039924,0.18992654090031835,-0.0332494107779964,0.0,22.385878990731662,0.0,0.0,25.0,25.0,0.0,0.0,30.290383757598942,0.0,13.29805101226657,0.0,0.0,13.29805101226657,2.445878990731669,0.0,0.1682420185366702,-25.0797738387441,1513.2932413353662,0.0,151.261165132912,170.73501372841565,-8.401601509499407,1229.1390000000001,12.628264147378832,0.0,601.9237575588145
0,1,2,0.1111111111111111,63.44764591003819,34.895250001410645,7.5750109847748925,60.577265159983476,33.316583804489554,78.5361776909939,26.596784690385174,0.02716495755152651,-0.049342952352860216,261.73000000000013,0.0,100.0,0.0,25.0,25.0,0.0,0.0,30.290383757598942,0.0,0.0,0.0,0.0,0.0,367.64760003657835,0.0,19.08239996342178,342.64760003657835,-16606.152364034304,-6057.726515998347,0.0,0.0,-507.53048320294295,1229.1390000000001,0.0,0.0,-23385.487396829707
0,1,3,0.1111111111111111,57.84384166462652,31.813242035664057,7.635598884863131,57.435749258060845,31.58879735617228,70.84879637777445,24.66071274220886,0.15900269457116495,-0.017358401568812108,162.57999999999996,0.0,100.0,0.0,25.0,25.0,40.0,0.0,57.20229753132166,0.0,0.0,40.0,0.0,40.0,243.28240693959347,0.0,4.297593060406484,251.92229915674682,-9404.251777834976,-5743.574925806084,305.42395539452525,202.33564826860953,-105.98170794559456,1229.1390000000001,168.199461085767,0.0,-15931.423853118098
0,1,4,0.1111111111111111,82.33672364246883,45.28705745962801,9.325916675355044,82.82102413515297,45.55343366783312,98.1236402513683,36.60389679996796,0.017773129402525373,-0.003263772674732535,10.533646504145793,0.0,0.0,0.0,25.0,25.0,0.0,0.0,56.45395524068901,0.0,40.0,0.0,3.265,43.265,35.533646504145786,0.0,7.105427357601002e-15,9.764692060545526,-867.30594115931,0.0,403.485784959236,34.823684071161274,-2.6008632971729613e-13,1229.1390000000001,3.5546258805050748,8.704390124886801,-1670.3944881343045
0,1,5,0.1111111111111111,75.96485958539016,41.78238832886579,10.242947056801386,66.99781441864691,36.850310979361915,96.35709935739015,30.566195924912325,0.07644837899877159,0.010698957027962685,40.77391269506979,0.0,2.7660873049302097,0.0,25.0,25.0,0.0,0.0,53.23507612495126,0.0,40.0,0.0,0.0,40.0,69.27330651469656,0.733306514696558,0.0,41.21537135474569,-3097.3845526279338,-185.3218039214894,409.7178822720554,127.76783433755931,70.65928869603773,1229.1390000000001,15.289675799754319,0.0,-4060.308604435601
0,1,6,0.1111111111111111,118.59584539728094,65.22369749406694,13.765348489453629,113.7839179870652,62.57730042411936,149.68288447358876,48.126879086077196,0.13617322793525327,-0.007254058364949432,0.0,4.986539460143091,0.0,0.0,21.666666666666664,22.120577426450843,0.0,0.0,47.501466527677444,3.3333333333333335,40.0,0.0,1.3060000000000012,44.63933333333334,16.439872793476447,0.0,0.24025441304712647,-11.305475986067968,325.24054129060085,0.0,614.4759796702172,396.47412329293405,-11.562695086615504,1079.8697337872118,27.23464558705065,26.67633535251614,213.97262461358903
0,1,7,0.1111111111111111,143.70063356486392,79.03048055303407,19.31569886536714,132.45602132100862,72.84632473396256,177.10018943602964,60.66185624516227,0.06947259428666427,-0.003006888481874837,0.0,21.22869409930815,0.0,0.0,25.0,25.0,0.0,0.0,44.57630466297579,0.0,40.0,0.0,0.0,40.0,3.7486940993081506,0.0,0.022611801383700225,-24.03020967215842,1677.7138961816818,0.0,772.6279546146856,219.61810046964186,-1.3716738449821844,1229.1390000000001,13.894518857332855,0.0,1428.2981062536583
0,1,8,0.1111111111111111,163.74888175400017,90.06558299726004,25.681606303887506,152.99833918825445,84.15254180058575,200.36663933223005,69.9249893699387,0.04330710186349843,-0.019729387879281954,0.0,0.0,0.0,20.92108244848287,25.0,25.0,0.0,0.0,42.75284774240743,0.0,40.0,0.0,0.0,40.0,3.9210824484828724,0.0,0.15783510303425885,-22.811201626057066,0.0,1760.5622652594557,1027.2642521555003,156.01917509030852,-11.03661790187373,1229.1390000000001,8.661420372699686,0.0,1717.0818900344386
0,1,9,0.1111111111111111,160.6284265965173,88.34926218966076,16.50556838607044,174.29786059627065,95.86775959399664,186.73858517153332,73.98808531309086,0.03049548375156934,0.03249816244780945,0.0,0.0,0.0,20.653182736094724,25.0,25.0,0.0,0.0,41.468827373920305,0.0,40.0,0.0,0.0,40.0,4.346817263905277,0.0,0.0,-21.8730020861575,0.0,1979.9743573948108,660.2227354428176,107.77013958271758,0.0,1229.1390000000001,6.099096750313868,0.0,1512.729135670032
0,1,10,0.1111111111111111,189.73746069898127,104.35988833160997,23.24303498689743,177.29917444216665,97.5185499895883,228.93030824379602,82.80293706797033,0.04415855248502675,-0.018098273124102827,0.0,20.55091054644767,0.0,0.0,25.0,25.0,0.0,0.0,39.609519900866545,0.0,40.0,0.0,0.0,40.0,4.2909105464476704,0.0,0.15817890710465932,-22.4754315529534,2144.6907297401845,0.0,929.7213994758972,184.33526424891716,-13.097678090467431,1229.1390000000001,8.83171049700535,0.0,2033.8743610584609
0,1,11,0.1111111111111111,185.9909607688878,102.2992287607557,19.940902474395322,184.91501443906608,101.70743398065616,249.82832178368665,67.18723852779667,0.1346833878349857,-0.008544592030726801,0.0,20.49180567362265,0.0,0.0,25.0,25.0,0.0,0.0,33.93864041307767,0.0,40.0,0.0,0.0,40.0,4.431805673622651,0.0,0.07638865275469797,-25.955529839776776,2096.295916326875,0.0,797.636098975813,551.1202680961914,-5.132342633446925,1229.1390000000001,26.93667756699714,0.0,2194.1089484653294
0,1,12,0.1111111111111111,67.16470643011831,36.93957732448393,8.103840245219896,71.85851361532985,39.52110060776875,82.32509588393194,28.601591375254596,0.11847455261755677,-0.021455838097015588,290.94999999999993,0.0,51.933677667427105,0.0,25.0,25.0,0.0,0.0,28.950238197601596,0.0,40.0,0.0,37.145,77.14500000000001,367.8836776674269,0.0,1.1368683772161603e-13,333.7439583057455,-19541.57133584292,-3731.876883758963,625.170755717489,337.61737008491366,-3.251624477258542e-12,1229.1390000000001,23.694910523511354,660.110588546872,-24223.60459286986
0,1,13,0.1111111111111111,57.498885417593584,31.62352129335582,5.333795690609727,54.70075593330543,30.084592204812516,66.42125899576583,26.716350157995503,0.04710228267578343,-0.009595910842765487,326.6518963991772,0.0,19.684016497342327,0.0,25.0,25.0,10.997193138442896,0.0,37.74799270835591,0.0,0.0,0.0,0.0,0.0,360.3387197580767,1.1368683772161603e-13,0.0,346.33591289651963,-18782.11996249594,-1076.7305822082803,0.0,0.0,7.551222892717058e-12,1229.1390000000001,54.98596569221448,0.0,-21142.975510396445
0,1,14,0.1111111111111111,117.01617133835727,64.35493027365278,12.258116466872318,115.60462751540389,63.57862898755359,158.7516102875551,41.401852653726394,0.021439245767380818,0.0033408191041371877,0.0,1.9108859385062598,0.0,0.0,21.666666666666664,21.7381308192246,0.0,0.0,36.84528762341356,3.3333333333333335,40.0,0.0,1.5319999999999947,44.86533333333333,19.755780728160406,1.7763568394002505e-15,0.0,-2.872764846275054,122.9749313334739,0.0,549.9644813250488,61.90165004115818,2.819995087001017e-13,1060.0437016686033,4.287849153476164,4.926738677344095,-334.41722679974276
0,1,15,0.1111111111111111,130.4507021841554,71.74346713955836,14.753681776309378,131.18814652392675,72.14903654525578,167.00433797817493,51.64020571964282,0.09960620164678567,-0.009110152343859769,0.0,17.412652633533526,0.0,0.005660291765490655,21.666666666666664,21.998687338822617,0.0,0.0,32.65134229091732,3.3333333333333357,40.0,0.0,0.0,43.333333333333336,4.17164625863235,0.0,0.07670748273529782,-21.811289146061693,1249.244072026457,0.4083845974451956,639.3262103067398,309.66408437217035,-3.961190188686729,1073.5509516445645,19.921240329357136,0.0,1109.1317495175774
0,1,16,0.1111111111111111,144.10365127991267,79.2602625772871,20.287847864184656,144.37807548924508,79.41120208989528,208.92691770378937,43.6060021040821,0.018212851759111123,-0.02525441606703857,0.0,0.0,0.0,20.898982335731844,25.0,25.0,0.0,0.0,31.88448537474422,0.0,40.0,0.0,0.0,40.0,3.8989823357318456,0.0,0.20203532853631145,-21.8295317346326,0.0,1659.6133097359532,811.5139145673862,57.74221650833411,-8.809952961253316,1229.1390000000001,3.6425703518222248,0.0,1304.8978234211042
0,1,17,0.1111111111111111,164.60071945048372,90.534112967853,24.344440918420663,148.7576085482888,81.82004417781332,204.68490771092527,68.48690418097284,0.037990750073494735,-0.010291932743580305,0.0,0.0,0.0,21.20130233288414,25.0,25.0,0.0,0.0,30.284874845333913,0.0,40.0,0.0,0.0,40.0,3.7213023328841377,0.0,0.07739533423172418,-22.798327670055652,0.0,1734.6914935037569,973.7776367368265,137.5783543554897,-5.300566839582461,1229.1390000000001,7.5981500146989465,0.0,1614.610901420957
0,1,18,0.1111111111111111,49.707327622621506,27.338281813525498,4.486995233098521,49.8512503200799,27.41743713026978,60.0516998375191,21.649032837159808,0.032270836670495656,-0.002508291360463453,139.1886314646004,0.0,0.0,0.0,20.0,20.107569455568317,14.238631464600573,0.0,41.675780017014375,3.3333333333333335,0.0,0.0,0.0,3.3333333333333335,144.5864231673008,0.0,0.36357683269903873,138.71748517633304,-6918.694905555217,0.0,14.95665077699507,2.9407640908542105,-7.871086789932048,975.5154005766617,71.19315732300286,0.0,-7939.634961797101
0,1,19,0.1111111111111111,54.483892597266106,29.96532063502154,5.466907499151866,60.54645871887636,33.299640725693365,62.918282115665846,25.326533385591517,0.1052816145113913,-0.017961741475700264,186.66292949667798,0.0,0.0,0.0,21.666666666666664,22.017605381704634,0.0,0.0,37.24286993232421,3.3333333333333335,40.0,0.0,0.0,43.333333333333336,208.329596163345,3.694822225952521e-13,0.0,182.10072620118473,-10170.123002588058,0.0,236.89932496324752,136.70788455161835,2.3247186717971318e-11,1074.5316629875683,21.05632290227826,0.0,-10892.103778963063
0,1,20,0.1111111111111111,89.16063758516736,49.035330325040384,11.935973315523915,78.52900800568968,43.18829420638116,120.86000766584776,31.601750607565915,0.07016056687505283,0.01011113052131195,0.0,0.0,0.0,0.0,12.565782463685256,12.799651019935432,0.0,0.0,34.465200780869495,3.3333333333333335,37.61066666666661,0.0,0.0,40.943999999999946,12.565782463685256,0.0,0.0,-2.8726542501321592,0.0,0.0,488.70649143081056,140.8615500648616,0.0,619.646658567533,13.193928469409915,0.0,-3.272545541270805
0,1,21,0.1111111111111111,113.45839950183935,62.3982762842941,8.95927001822092,121.1448407313192,66.62555857970756,172.07367509706654,30.161860319236055,0.0840582844297553,0.042411882402340666,0.0,0.0,0.0,22.09167084809747,25.0,25.0,0.0,0.0,30.925904594353483,0.0,40.0,0.0,0.0,40.0,2.9083291519025307,0.0,0.0,-25.45400222528768,0.0,1471.8699102135356,358.3708007288368,209.80368223326593,0.0,1229.1390000000001,16.81165688595106,0.0,794.0937362896874
0,1,22,0.1111111111111111,54.664734721063894,30.064781080404458,5.86100616213204,55.01286792382761,30.256249100533314,64.87755637484292,24.447882932067394,0.0722370421169653,0.015967564735415676,122.19157166687663,0.0,0.0,0.0,25.0,25.0,0.0,0.0,30.925904594353483,0.0,0.0,0.0,0.0,0.0,151.96842833312346,4.776856666246829,0.0,126.96842833312346,-6679.569850319678,0.0,0.0,0.0,309.9107876589729,1229.1390000000001,0.0,0.0,-8218.619637978652
0,1,23,0.1111111111111111,68.85655475821859,37.870068432967855,7.943106954152055,65.20315077757863,35.86075124819252,82.40951201052528,30.41614599354053,0.03377370501876243,0.02567411860975851,84.83082181620208,0.0,100.0,0.0,25.0,25.0,0.0,0.0,30.260491502946973,0.0,18.717000000000223,0.0,21.283000000000083,40.000000000000306,220.88917818379736,11.05835636759528,0.0,194.53822998304685,-5841.158127572003,-6520.315077757863,317.7242781660846,51.16050081181651,911.313751892012,1229.1390000000001,3.1607121841809196,107.82086458714853,-14244.022755015307
0,2,0,0.1111111111111111,117.55242898436306,64.64985381304655,16.104083033506676,115.43758134388737,63.48675925196515,151.14976292004917,46.17245826948747,0.08915776323498446,0.0,0.0,0.0,0.0,0.0,20.0,20.0,17.49743554245601,0.0,32.74992266171385,0.0,0.0,17.49743554245601,0.0,17.49743554245601,2.5,0.0,0.0025644575439898176,-1.5625966728576848,0.0,0.0,281.7801548491425,100.85585466367353,-0.11840730893374218,1057.3390000000002,79.68701663571157,0.0,-754.2715998139619
0,2,1,0.1111111111111111,122.91729684036481,67.60034939713152,11.374686786310535,100.18024053392459,55.09573865407404,145.81676656278148,55.00641677709648,0.17982693738097102,0.0,0.0,22.385878990731662,0.0,0.0,25.0,25.0,0.0,0.0,30.232714465217203,0.0,13.29805101226657,0.0,0.0,13.29805101226657,2.53,0.0,0.08412100926833688,-24.861347786671818,1513.2932413353662,0.0,151.261165132912,161.6559459090721,-4.627195295524134,1229.1390000000001,11.956738933359093,0.0,589.7418087395152
0,2,2,0.1111111111111111,63.44764591003819,34.895250001410645,7.5750109847748925,60.577265159983476,33.316583804489554,77.42940028576159,27.205495599947593,0.056407923730877337,0.0,261.73000000000013,0.0,100.0,0.0,25.0,25.0,0.0,0.0,30.232714465217203,0.0,0.0,0.0,0.0,0.0,386.73,0.0,1.1368683772161603e-13,361.73,-16606.152364034304,-6057.726515998347,0.0,0.0,-3.092906763407381e-12,1229.1390000000001,0.0,0.0,-23893.017880032647
0,2,3,0.1111111111111111,57.84384166462652,31.813242035664057,7.635598884863131,57.435749258060845,31.58879735617228,70.29111168648599,24.967430926080695,0.09643818240514795,0.0,162.57999999999996,0.0,100.0,0.0,25.0,25.0,40.0,0.0,59.14669262825247,0.0,0.0,40.0,0.0,40.0,247.57999999999996,0.0,0.0,258.722472703794,-9404.251777834976,-5743.574925806084,305.42395539452525,122.72044953337962,0.0,1229.1390000000001,180.71236351897042,0.0,-16129.533662232127
0,2,4,0.1111111111111111,82.33672364246883,45.28705745962801,9.325916675355044,82.82102413515297,45.55343366783312,103.18164899021225,33.821877765764164,0.05252577913913886,0.0,10.533646504145793,0.0,0.0,0.0,25.0,25.0,0.0,0.0,56.93508087502557,0.0,40.0,0.0,3.265,43.265,35.65,0.11635349585420585,0.0,8.377472165545155,-867.30594115931,0.0,403.485784959236,102.91609861756048,12.005545568012785,1229.139,10.505155827827773,25.72450033339326,-1638.2782593117472
0,2,5,0.1111111111111111,75.96485958539016,41.78238832886579,10.242947056801386,66.99781441864691,36.850310979361915,101.17943032519632,27.91380498722218,0.1322733978640963,0.0,40.77391269506979,0.0,2.7660873049302097,0.0,25.0,25.0,0.0,0.0,51.36567464916888,0.0,40.0,0.0,0.0,40.0,68.53999999999999,0.0,7.105427357601002e-15,38.24906408543614,-3097.3845526279338,-185.3218039214894,409.7178822720554,221.06793900544957,-1.9833951361094775e-13,1229.1390000000001,26.454679572819263,0.0,-3907.5142148447376
0,2,6,0.1111111111111111,118.59584539728094,65.22369749406694,13.765348489453629,113.7839179870652,62.57730042411936,147.12844762717623,49.53173281919058,0.09902139683168275,0.0,0.0,4.986539460143091,0.0,0.0,21.666666666666664,21.99673798943894,0.0,0.0,47.19635267730855,3.3333333333333335,40.0,0.0,1.3060000000000012,44.63933333333334,16.56000000000001,0.0,0.12012720652356368,-9.526915806968418,325.24054129060085,0.0,614.4759796702172,288.30499277545175,-5.950108697840884,1073.4498973725147,19.80427936633655,19.39829163932667,121.31915405593283
0,2,7,0.1111111111111111,143.70063356486392,79.03048055303407,19.31569886536714,132.45602132100862,72.84632473396256,188.94647978221235,54.14679785186023,0.1170594834673082,0.0,0.0,21.22869409930815,0.0,0.0,25.0,25.0,0.0,0.0,42.267532320790316,0.0,40.0,0.0,0.0,40.0,3.76,0.0,0.011305900691851889,-25.92237933869233,1677.7138961816818,0.0,772.6279546146856,370.0506892684525,-0.612178319294911,1229.1390000000001,23.41189669346164,0.0,1568.453821690653
0,2,8,0.1111111111111111,163.74888175400017,90.06558299726004,25.681606303887506,152.99833918825445,84.15254180058575,198.2528043355044,71.08764635605553,0.07676624544625113,0.0,0.0,0.0,0.0,20.92108244848287,25.0,25.0,0.0,0.0,39.035269354632376,0.0,40.0,0.0,0.0,40.0,4.0,0.0,0.07891755151712943,-24.070649817850047,0.0,1760.5622652594557,1027.2642521555003,276.55986602509466,-5.61006299353549,1229.1390000000001,15.353249089250225,0.0,1825.5041973443358
0,2,9,0.1111111111111111,160.6284265965173,88.34926218966076,16.50556838607044,174.29786059627065,95.86775959399664,202.9856507173234,65.05183234634026,0.21573045617881523,0.0,0.0,0.0,0.0,20.653182736094724,25.0,25.0,0.0,0.0,29.95188172605068,0.0,40.0,0.0,0.0,40.0,4.21,0.0,0.13681726390527515,-29.41921824715261,0.0,1979.9743573948108,660.2227354428176,762.3850654094907,-8.90021371365095,1229.1390000000001,43.146091235763045,0.0,2139.197280725007
0,2,10,0.1111111111111111,189.73746069898127,104.35988833160997,23.24303498689743,177.29917444216665,97.5185499895883,213.61359255548814,91.22747660249469,0.04351502025753422,0.0,0.0,20.55091054644767,0.0,0.0,25.0,25.0,0.0,0.0,28.11967034678608,0.0,40.0,0.0,0.0,40.0,4.37,0.0,0.07908945355232788,-22.37060081030137,2144.6907297401845,0.0,929.7213994758972,181.64890619296068,-7.2151312734490824,1229.1390000000001,8.703004051506845,0.0,2025.4341626309842
0,2,11,0.1111111111111111,185.9909607688878,102.2992287607557,19.940902474395322,184.91501443906608,101.70743398065616,214.76343842707126,86.47371626380315,0.04446461804941755,0.0,0.0,20.49180567362265,0.0,0.0,25.0,25.0,0.0,0.0,26.24747590260008,0.0,40.0,0.0,0.0,40.0,4.47,0.0,0.03819432637735076,-22.308584721976704,2096.295916326875,0.0,797.636098975813,181.9478453438797,-3.3028053420421224,1229.1390000000001,8.89292360988351,0.0,1841.1507423787264
0,2,12,0.1111111111111111,67.16470643011831,36.93957732448393,8.103840245219896,71.85851361532985,39.52110060776875,87.54620528178091,25.730059813926335,0.0361811638524039,0.0,290.94999999999993,0.0,51.933677667427105,0.0,25.0,25.0,0.0,0.0,24.724058477235705,0.0,40.0,0.0,37.145,77.14500000000001,375.94999999999993,8.066322332572895,0.0,348.15880411460626,-19541.57133584292,-3731.876883758963,625.170755717489,103.10559623628193,706.1759107964406,1229.1390000000001,7.236232770480779,201.59239969463144,-24689.315410909665
0,2,13,0.1111111111111111,57.498885417593584,31.62352129335582,5.333795690609727,54.70075593330543,30.084592204812516,69.01130461348144,25.291864063217556,0.09470784111116476,0.0,326.6518963991772,0.0,19.684016497342327,0.0,25.0,25.0,10.997193138442896,0.0,33.52181298799002,0.0,0.0,0.0,0.0,0.0,363.83000000000004,3.4912802419233913,0.0,349.8271931384429,-18782.11996249594,-1076.7305822082803,0.0,0.0,240.93780426640433,1229.1390000000001,54.98596569221448,0.0,-21383.91331466284
0,2,14,0.1111111111111111,117.01617133835727,64.35493027365278,12.258116466872318,115.60462751540389,63.57862898755359,150.2973575180269,46.05140528629044,0.035307888813537844,0.0,0.0,1.9108859385062598,0.0,0.0,21.666666666666664,21.784359629378457,0.0,0.0,32.03516503794632,3.3333333333333335,40.0,0.0,1.5319999999999947,44.86533333333333,19.689999999999948,0.0,0.06578072816045655,-3.5607668675823625,122.9749313334739,0.0,549.9644813250488,101.9446579764058,-3.029294972544483,1062.4402031869793,7.06157776270757,8.113752849350968,-299.7021681915648
0,2,15,0.1111111111111111,130.4507021841554,71.74346713955836,14.753681776309378,131.18814652392675,72.14903654525578,167.1370359836807,51.56722631180452,0.034688233092231006,0.0,0.0,17.412652633533526,0.0,0.005660291765490655,21.666666666666664,21.782294110307433,0.0,0.0,30.57460785511554,3.3333333333333357,40.0,0.0,0.0,43.333333333333336,4.21,0.0,0.03835374136764713,-18.959823433996675,1249.244072026457,0.4083845974451956,639.3262103067398,107.84167814254538,-1.9777960610098786,1062.3331266783375,6.937646618446202,0.0,929.5273678374133
0,2,16,0.1111111111111111,144.10365127991267,79.2602625772871,20.287847864184656,144.37807548924508,79.41120208989528,195.3130015354195,51.09396344736685,0.10396003000253519,0.0,0.0,0.0,0.0,20.898982335731844,25.0,25.0,0.0,0.0,26.197343433956163,0.0,40.0,0.0,0.0,40.0,4.0,0.0,0.10101766426815573,-25.15840120010141,0.0,1659.6133097359532,811.5139145673862,329.59597102174337,-5.161392845655525,1229.1390000000001,20.79200600050704,0.0,1555.9535821702314
0,2,17,0.1111111111111111,164.60071945048372,90.534112967853,24.344440918420663,148.7576085482888,81.82004417781332,214.78922442566,62.929301796434345,0.14718690655645872,0.0,0.0,0.0,0.0,21.20130233288414,25.0,25.0,0.0,0.0,20.000000000000007,0.0,40.0,0.0,0.0,40.0,3.76,0.0,0.03869766711586209,-27.12747626225835,0.0,1734.6914935037569,973.7776367368265,533.0174410228503,-2.4352171727520386,1229.1390000000001,29.437381311291745,0.0,1985.3454071248937
0,2,18,0.1111111111111111,49.707327622621506,27.338281813525498,4.486995233098521,49.8512503200799,27.41743713026978,65.82562973056591,18.47345832657565,0.09197417448510706,0.0,139.1886314646004,0.0,0.0,0.0,20.0,20.306580581617023,14.238631464600573,0.0,31.390905171680465,3.3333333333333335,0.0,0.0,0.0,3.3333333333333335,144.95,1.7053025658242404e-13,0.0,138.88205088298355,-6918.694905555217,0.0,14.95665077699507,8.381386338800743,1.1225261527653045e-11,985.8321373510266,71.19315732300286,0.0,-7952.3821631134615
0,2,19,0.1111111111111111,54.483892597266106,29.96532063502154,5.466907499151866,60.54645871887636,33.299640725693365,67.07649271251249,23.03958016212256,0.006790630472144109,0.0,186.66292949667798,0.0,0.0,0.0,21.666666666666664,21.689302101573812,0.0,0.0,31.10498388864282,3.3333333333333335,40.0,0.0,0.0,43.333333333333336,212.14000000000007,3.810403836655439,0.0,190.1790726795405,-10170.123002588058,0.0,236.89932496324752,8.817614841175658,255.58852518114819,1057.5124209455864,1.3581260944288218,0.0,-11238.865135004799
0,2,20,0.1111111111111111,89.16063758516736,49.035330325040384,11.935973315523915,78.52900800568968,43.18829420638116,106.44253817950423,39.53087042839205,0.027088808576560645,0.0,0.0,0.0,0.0,0.0,12.565782463685256,12.656078492273792,0.0,0.0,30.03253320467423,3.3333333333333335,37.61066666666661,0.0,0.0,40.943999999999946,12.440000000000135,0.0,0.12578246368512147,-1.234906642043819,0.0,0.0,488.70649143081056,54.386270457307745,-4.972290274100465,612.6867646642363,5.09414074885081,0.0,-69.71585325086835
0,2,21,0.1111111111111111,113.45839950183935,62.3982762842941,8.95927001822092,121.1448407313192,66.62555857970756,135.2314774714055,50.423820971424654,0.02461202267481109,0.0,0.0,0.0,0.0,22.09167084809747,25.0,25.0,0.0,0.0,28.99623751310324,0.0,40.0,0.0,0.0,40.0,2.79,0.0,0.11832915190253246,-23.194480906992446,0.0,1471.8699102135356,358.3708007288368,61.429911631126934,-5.96660797123381,1229.1390000000001,4.922404534962218,0.0,663.5758260097709
0,2,22,0.1111111111111111,54.664734721063894,30.064781080404458,5.86100616213204,55.01286792382761,30.256249100533314,65.9501505198909,23.857972300953232,0.022109727960743415,0.0,122.19157166687663,0.0,0.0,0.0,25.0,25.0,0.0,0.0,28.99623751310324,0.0,0.0,0.0,0.0,0.0,149.57999999999998,2.3884283331233576,0.0,124.57999999999998,-6679.569850319678,0.0,0.0,0.0,157.51720807545755,1229.1390000000001,0.0,0.0,-8066.226058395136
0,2,23,0.1111111111111111,68.85655475821859,37.870068432967855,7.943106954152055,65.20315077757863,35.86075124819252,80.58224672302629,31.42111439089582,0.04192207408821923,0.0,84.83082181620208,0.0,100.0,0.0,25.0,25.0,0.0,0.0,28.17028439656723,0.0,18.717000000000223,0.0,21.283000000000083,40.000000000000306,215.3599999999998,5.529178183797711,0.0,188.683117036471,-5841.158127572003,-6520.315077757863,317.7242781660846,63.50367258291291,445.5536005823615,1229.1390000000001,3.9232773035460426,133.83412542293598,-13792.69525788971
1,0,0,0.1111111111111111,115.68144891343708,63.620878154120966,11.682883301026855,117.04924680332512,64.37312065894253,139.14182438285627,50.718466374106725,0.24865371398230485,-0.057610217703540856,0.0,0.0,0.0,0.0,20.0,20.0,17.49743554245601,0.0,30.51730656772667,0.0,0.0,17.49743554245601,0.0,17.49743554245601,2.3559744557411477,0.0,0.1465900018028421,-4.497392334600514,0.0,0.0,204.4204975097531,276.80186508758595,-7.434820077217691,1057.3390000000002,65.7331660482917,0.0,-634.4149833737351
1,0,1,0.1111111111111111,110.6323980250384,60.84407120381092,16.540422280192765,134.8757187753406,74.1770763657742,136.34928609210098,46.70065393522145,0.04542705222879411,-0.054103418556813145,0.0,0.0,0.0,0.0,25.0,25.0,22.469999999999988,0.0,47.676709876861864,0.0,0.0,22.46999999999999,0.0,22.46999999999999,2.3931183510512626,0.0,0.1368816489487492,-1.1576275125297526,0.0,0.0,371.6632886359313,62.106334004718036,-6.392462517638006,1229.1390000000001,107.24627068209493,0.0,-896.2231855238077
1,0,2,0.1111111111111111,67.81485965748038,37.29715181101714,7.8586478153201025,70.57505628004911,38.81521839672077,85.29334238427838,27.68424946217747,0.032254901467560514,-0.043684392547513815,261.73000000000013,0.0,95.77007827501234,0.0,25.0,25.0,12.664143404912407,0.0,57.80802460079179,0.0,0.0,0.0,0.0,0.0,369.8359348701,0.0,5.684341886080802e-14,357.5000782750124,-17749.18321815235,-6758.978664203704,0.0,0.0,-1.5736673880256529e-12,1229.1390000000001,63.320717024562036,0.0,-25800.621599380614
1,0,3,0.1111111111111111,74.38463765829015,40.9104307988157,7.796290038825693,74.43524204321723,40.93826244864085,90.44393313393464,32.07806007124429,0.1016041956993375,-0.05484749498688255,145.77819646363184,0.0,63.22266072751566,0.0,25.0,25.0,0.0,0.0,53.52995320292494,0.0,40.0,0.0,7.677196463631866,47.677196463631866,234.00085719114756,5.684341886080802e-14,0.0,204.15665399126095,-10843.658322426289,-4705.994053868832,371.70525186854866,198.1784397843629,5.141142374551159e-12,1229.1390000000001,20.3208391398675,117.00530578696709,-16346.233829569052
1,0,4,0.1111111111111111,92.90183070777304,51.09810494326587,11.347940125481562,91.7693746936239,50.475228560596435,105.36956600140235,44.24056896593204,0.061397186905088906,-0.06872763020964234,0.0,0.0,8.19985998302625,0.0,25.0,25.0,0.0,0.0,50.944808491131724,0.0,40.0,0.0,3.2650000000000006,43.265,33.19985998302625,0.0,0.0,5.543510691577579,0.0,-752.4960232175886,490.9686295289598,135.73441486041415,0.0,1229.1390000000001,12.279437381017782,30.069272286767298,-1397.2806884959998
1,0,5,0.1111111111111111,100.69435266008787,55.384167999919605,10.331981944286953,113.44300798942419,62.39621634106653,124.24399115588976,42.431334992574186,0.06398006417715932,-0.04035727027911008,40.77391269506979,0.0,0.0,0.0,25.0,25.0,0.0,0.0,48.250911052093436,0.0,40.0,0.0,6.53,46.53,65.77391269506978,0.0,7.105427357601002e-15,37.79692030890656,-4105.702744248992,0.0,480.7471198676719,164.8782464497455,-3.014927684757693e-13,1229.1390000000001,12.796012835431863,62.66847286152756,-4764.680863628533
1,0,6,0.1111111111111111,114.66367361058342,63.06113621503461,13.6678067318565,118.75036637985698,65.30867880003312,143.98492748083953,46.93543985380128,0.03353827570649095,-0.002680380006000108,0.0,0.0,0.0,5.062279573767299,21.666666666666664,21.778460919021633,0.0,0.0,46.838773127609606,3.3333333333333335,40.0,0.0,1.3060000000000012,44.63933333333334,16.515612907100646,0.0,0.08877418579871943,-6.648180028253304,0.0,330.6107906791371,610.1217806389196,94.41048356079538,-4.166655458125975,1062.1344140420815,6.70765514129819,6.570148210901583,-36.10250705730328
1,0,7,0.1111111111111111,94.63170043761048,52.044229559776625,9.74037357187433,102.01032625276731,56.102223804663865,125.94493497848161,34.82301130872504,0.058022047118077236,-0.007203397874651029,0.0,0.0,0.0,0.0,25.0,25.0,21.240000000000006,0.0,62.84486250297924,0.0,0.0,21.24000000000001,0.0,21.24000000000001,3.732915223991312,0.0,0.027084776008682532,-1.2594730567966435,0.0,0.0,206.88553466661085,64.13869859210709,-0.9431734612446365,1229.1390000000001,100.03805859606021,0.0,-1057.2096518760977
1,0,8,0.1111111111111111,186.8527535316368,102.7732342426155,16.48338391218766,198.7063032629834,109.29295429019784,239.9638404677141,73.56093699039863,0.08224119880627943,-0.022168343433002894,0.0,0.0,0.0,20.91132662626799,25.0,25.0,0.0,0.0,59.3820751848201,0.0,40.0,0.0,0.0,40.0,3.9113266262679884,0.0,0.17734674746402135,-24.378321325983187,0.0,2285.4606651121044,659.3353564875064,338.0877595724507,-13.045792915653012,1229.1390000000001,16.448239761255888,0.0,2050.3423343264585
1,0,9,0.1111111111111111,190.48265672375533,104.7697629744142,25.647088684682263,174.4240249505654,95.93715283809894,228.0148323818366,84.12621875235978,0.012590988667172823,-0.004061154649851939,0.0,20.77290253892412,0.0,0.0,25.0,25.0,0.0,0.0,58.85192829357072,0.0,40.0,0.0,0.0,40.0,4.192902538924123,0.0,0.034194922151755236,-21.31073700776279,2176.3720752936874,0.0,1025.8835473872905,52.766195930929285,-2.876689501158474,1229.1390000000001,2.5181977334345644,0.0,2026.2413103796312
1,0,10,0.1111111111111111,161.25929656033185,88.69625491704792,18.212758205942997,171.4713815285747,94.31313227480662,192.2778734014479,71.63533714456867,0.016020147836850636,0.01477696658275405,0.0,0.0,0.0,20.565424656033365,25.0,25.0,0.0,0.0,58.17739575307175,0.0,40.0,0.0,0.0,40.0,4.434575343966635,0.0,0.0,-21.20623056950739,0.0,1939.589615872044,728.5103282377199,56.83708465384392,0.0,1229.1390000000001,3.204029567370127,0.0,1492.5939991962373
1,0,11,0.1111111111111111,164.50761540761675,90.48290364165551,21.22871704187866,164.40922592303704,90.42878720315193,236.3763812319023,50.95345938577308,0.13833455761541513,0.0016659255859289728,0.0,20.487055383331768,0.0,0.03549792929912954,25.0,25.0,0.0,0.0,52.35278280084374,0.0,40.0,0.0,0.0,40.0,4.477446687369103,0.0,0.0,-26.055935617247503,1853.7282581512682,3.210034694743517,849.1486816751465,500.676497881066,0.0,1229.1390000000001,27.666911523083026,0.0,1949.9575608791415
1,0,12,0.1111111111111111,64.06181805415166,35.23303543387775,7.345818985220095,59.49530101392519,32.72151981389171,83.27401911935819,24.66661410126717,0.11402643353306306,0.014071582741658813,290.94999999999993,0.0,100.0,0.0,25.0,25.0,40.000000000000014,0.0,81.04620533985272,0.0,0.0,36.247926890042876,0.0,36.247926890042876,381.2402115317266,5.290211531726641,0.0,392.10698970548776,-18638.78596285542,-5949.530101392519,266.270709523747,145.62595105994868,440.5371762384534,1229.1390000000001,179.33389086880607,0.0,-26025.429470771505
1,0,13,0.1111111111111111,74.83089753371473,41.155867011541694,11.160784360625174,78.15694362926057,42.98514228811937,105.81172220243702,24.11687988193577,0.038733360635574185,0.033471961082986175,326.6518963991772,0.0,0.0,0.0,25.0,25.0,0.0,0.0,79.41532699730223,0.0,40.0,0.0,35.93600000000001,75.936,376.0081036008229,24.356207201645702,0.0,348.06684712759994,-24443.654588640427,0.0,847.5053212084333,121.04996025880034,2577.172230325531,1229.1390000000001,7.746672127114838,208.78830716999911,-27497.945516795837
1,0,14,0.1111111111111111,116.21158983986922,63.912437704955174,15.348371281914396,116.88011318836854,64.28010290017491,168.8239764095333,34.97740735405761,0.025683878802840038,0.01511622218079193,0.0,0.0,0.0,1.679028251926928,21.666666666666664,21.752279596009465,0.0,0.0,78.33390052139318,3.3333333333333335,40.0,0.0,1.5319999999999947,44.86533333333333,19.987638414739738,1.7763568394002505e-15,0.0,-2.8313440357092787,0.0,107.92810880616373,688.60979368685,73.6473107474262,2.99891625149821e-13,1060.7771742571306,5.136775760568008,5.90215534889262,-201.63089212615154
1,0,15,0.1111111111111111,104.24348110451746,57.330383324249354,12.752215047271319,102.99621045896266,56.644426720909856,123.73559301366262,46.61038207611345,0.05007837780057312,-0.010454639699082578,0.0,17.412652633533526,0.0,0.0,21.666666666666664,21.833594592668575,0.0,0.0,76.22533724557957,3.3333333333333335,40.0,0.0,0.0,43.333333333333336,4.165985966866862,0.0,0.08802806626627557,-19.670743737824637,998.274050172477,0.0,552.5959853817571,124.41054580774892,-4.103021802092538,1064.992543683939,10.015675560114625,0.0,604.375383920022
1,0,16,0.1111111111111111,212.32584443005294,116.78400950979989,20.86568171363055,210.57029803488936,115.81841934597402,269.2892199330452,85.452866547393,0.02235622492291297,0.002070830544922681,0.0,20.99171667782031,0.0,0.0,25.0,25.0,0.0,0.0,75.28402251198324,0.0,40.0,0.0,0.0,40.0,4.0082833221796905,0.0,0.0,-21.88596567473683,2451.496840129592,0.0,834.627268545222,104.43398336002774,0.0,1229.1390000000001,4.471244984582594,0.0,2156.9478470502595
1,0,17,0.1111111111111111,185.8857576419385,102.24136466507254,17.388765575155343,204.37095407866317,112.40864016679858,236.8583467168362,74.20528953139743,0.04425414512415758,0.0071835961100619496,0.0,0.0,0.0,30.710753066232506,25.0,25.0,0.0,9.497763387606343,63.86548167696997,0.0,30.50223661239366,0.0,0.0,30.50223661239366,3.7870103213738324,0.0,3.552713678800501e-15,-32.06060347188877,0.0,3452.1539906735356,530.3962419708338,138.01054756799795,-2.6363014715754725e-13,1229.1390000000001,54.23806896631302,0.0,2837.1837112460535
1,0,18,0.1111111111111111,86.56054164997235,47.60699467740876,13.267084191979103,85.76001345015895,47.1667162200287,111.03018686768183,34.149058215455625,0.2176540713676716,0.03068166410798297,15.502692787547709,0.0,100.0,0.0,25.0,25.0,0.0,0.0,54.70109972464695,0.0,40.0,0.0,0.0,40.0,149.39730721245212,8.894614424904404,0.0,115.69114435774526,-1341.9214847232495,-8576.001345015895,530.6833676791641,414.47424868468346,987.5707017131143,1229.1390000000001,43.53081427353432,0.0,-11233.005729361943
1,0,19,0.1111111111111111,78.97183915971985,43.433322561044356,10.889034346339747,70.61096533833143,38.83496783813982,101.17795255312284,31.220294523389867,0.06456575161719336,-0.0124209402265385,84.50502174034183,0.0,100.0,0.0,25.0,25.0,0.0,0.0,51.98254176181776,0.0,40.0,0.0,20.889999999999972,60.88999999999997,209.5050217403422,3.694822225952521e-13,0.0,180.5736131243713,-6673.516985066904,-7061.0965338331425,663.0333013486269,170.7541385367331,3.7383454786964786e-11,1229.1390000000001,12.913150323438671,202.3167826924751,-14345.195012030637
1,0,20,0.1111111111111111,152.5183721932837,83.87993809478188,15.762612547550487,172.06230273685128,94.6284378364763,191.24808553876673,62.579907736925605,0.1476814196551325,-0.023331274464456247,0.0,0.0,0.0,12.269758945662105,25.0,25.0,0.0,0.0,45.76437672370692,0.0,40.0,0.0,0.944000000000006,40.944,12.149758945662295,0.0,0.5804821086756,-18.89690910069745,0.0,1161.0681216581354,645.3844081469072,507.19414140835113,-36.32651680385507,1229.1390000000001,29.536283931026503,20.911689023166897,1070.3862150630555
1,0,21,0.1111111111111111,119.85569484421097,65.91657201205166,20.99971564288953,111.53493510356653,61.34043602325211,150.0373075555224,49.31770743318509,0.04861490697260231,-0.03411477173584994,0.0,18.78148645352364,0.0,0.0,21.666666666666664,21.828716356575338,0.0,0.0,43.717433272228924,3.3333333333333335,40.0,0.0,0.0,43.333333333333336,2.6948197868569785,0.0,0.19036042628604477,-21.078492848622453,1238.0112043070637,0.0,909.9876778585464,138.86288070714508,-9.388139810431554,1064.7396559248657,9.722981394520463,0.0,1221.7872653638008
1,0,22,0.1111111111111111,78.71058416256794,43.289636245989264,10.156847114603986,77.71352520426524,42.74126883034943,90.69651210714437,36.69755633308085,0.07806634828858865,-0.06208521935109839,15.293292889462826,0.0,100.0,0.0,25.0,25.0,0.0,0.0,40.43042913376203,0.0,40.0,0.0,0.0,40.0,140.2932928894627,0.0,1.4210854715202004e-13,112.17063895791915,-1203.7440170988657,-7771.352520426524,406.2738845841594,135.17855281862836,-5.215036414523531e-12,1229.1390000000001,15.61326965771773,0.0,-9678.396369780314
1,0,23,0.1111111111111111,62.48777938563922,34.367337864459515,7.494465814212606,65.56805686493634,36.06144410232046,76.69934754011778,26.551189344689845,0.17603644176240202,-0.03421670228593113,182.99109099570154,0.0,0.0,0.0,25.0,25.0,0.0,0.0,33.018368427976625,0.0,40.000000000000306,0.0,0.0,40.000000000000306,207.99109099570168,1.4210854715202004e-13,0.0,175.94963332520555,-11434.70692367683,0.0,299.7786325685065,241.99615482023071,1.0899632846434e-11,1229.1390000000001,35.207288352480674,0.0,-12157.278424640586
1,1,0,0.1111111111111111,115.68144891343708,63.620878154120966,11.682883301026855,117.04924680332512,64.37312065894253,137.7744311467681,51.470486333046125,0.019950946561381074,0.057610217703540856,0.0,0.0,0.0,0.0,20.0,20.0,17.49743554245601,0.0,33.71867611278981,0.0,0.0,17.49743554245601,0.0,17.49743554245601,2.6440255442588523,0.14146108671486246,0.0,-0.20762931475388724,0.0,0.0,204.4204975097531,22.209437896616496,19.48972075154381,1057.3390000000002,85.7417257049363,0.0,-935.9405110501107
1,1,1,0.1111111111111111,110.6323980250384,60.84407120381092,16.540422280192765,134.8757187753406,74.1770763657742,138.0927936198578,45.741783856863336,0.043993603086624214,0.054103418556813145,0.0,0.0,0.0,0.0,25.0,25.0,22.469999999999988,0.0,50.90384710370464,0.0,0.0,22.46999999999999,0.0,22.46999999999999,2.666881648948737,0.13688164894872523,0.0,-0.8516546124077204,0.0,0.0,371.6632886359313,60.14657067352062,18.902369298622137,1229.139,107.4073186932177,0.0,-923.6388286823878
1,1,2,0.1111111111111111,67.81485965748038,37.29715181101714,7.8586478153201025,70.57505628004911,38.81521839672077,81.90144711874726,29.54974079084131,0.05123935218748426,0.043684392547513815,261.73000000000013,0.0,95.77007827501234,0.0,25.0,25.0,12.664143404912407,0.0,61.03516182763457,0.0,0.0,0.0,0.0,0.0,403.6240651299001,33.78813025980003,0.0,391.2882085348125,-17749.18321815235,-6758.978664203704,0.0,0.0,2767.296763714356,1229.1390000000001,63.320717024562036,0.0,-28567.91836309497
1,1,3,0.1111111111111111,74.38463765829015,40.9104307988157,7.796290038825693,74.43524204321723,40.93826244864085,95.78721393748117,29.13933607615915,0.07279240174829359,0.05484749498688255,145.77819646363184,0.0,63.22266072751566,0.0,25.0,25.0,0.0,0.0,57.97021859612747,0.0,40.0,0.0,7.677196463631866,47.677196463631866,261.1591428088523,27.15828561770482,0.0,232.68860516963932,-10843.658322426289,-4705.994053868832,371.70525186854866,141.98118992370917,2601.4165146383093,1229.1390000000001,14.558480349658717,83.82623539219044,-18964.90616488302
1,1,4,0.1111111111111111,92.90183070777304,51.09810494326587,11.347940125481562,91.7693746936239,50.475228560596435,121.28997784220121,35.483982913929864,0.20133295153536795,0.06872763020964234,0.0,0.0,8.19985998302625,0.0,25.0,25.0,0.0,0.0,49.49304168937513,0.0,40.0,0.0,3.2650000000000006,43.265,38.10014001697375,4.900280033947496,0.0,4.389469868796052,0.0,-752.4960232175886,490.9686295289598,445.0987373577571,594.3548567380727,1229.1390000000001,40.266590307073585,98.60281301444647,-1778.7919163904644
1,1,5,0.1111111111111111,100.69435266008787,55.384167999919605,10.331981944286953,113.44300798942419,62.39621634106653,127.09538374671716,40.86300467302583,0.10052920050019774,0.04035727027911008,40.77391269506979,0.0,0.0,0.0,25.0,25.0,0.0,0.0,45.260233247261546,0.0,40.0,0.0,6.53,46.53,71.3060873049302,5.532174609860412,0.0,41.628463605656,-4105.702744248992,0.0,480.7471198676719,259.06629680100775,703.1138549940543,1229.1390000000001,20.105840100039547,98.46835188994369,-5416.716374564348
1,1,6,0.1111111111111111,114.66367361058342,63.06113621503461,13.6678067318565,118.75036637985698,65.30867880003312,144.79481842662335,46.490027268950314,0.017529643389544994,0.002680380006000108,0.0,0.0,0.0,5.062279573767299,21.666666666666664,21.72509881129848,0.0,0.0,44.5221429992807,3.3333333333333335,40.0,0.0,1.3060000000000012,44.63933333333334,16.60438709289937,3.552713678800501e-15,0.0,-5.844791168247657,0.0,330.6107906791371,610.1217806389196,49.34607024937005,5.144145320436996e-13,1059.3681223777132,3.5059286779089986,3.4340571400118676,-76.22946662820792
1,1,7,0.1111111111111111,94.63170043761048,52.044229559776625,9.74037357187433,102.01032625276731,56.102223804663865,117.88814232432722,39.253974341929535,0.04677032879390973,0.007203397874651029,0.0,0.0,0.0,0.0,25.0,25.0,21.240000000000006,0.0,60.71942157241459,0.0,0.0,21.24000000000001,0.0,21.24000000000001,3.7870847760086876,0.02708477600869319,0.0,-0.9663170075739499,0.0,0.0,206.88553466661085,51.70083046986661,3.1929739289353463,1229.1390000000001,101.23299108208681,0.0,-1074.978599874545
1,1,8,0.1111111111111111,186.8527535316368,102.7732342426155,16.48338391218766,198.7063032629834,109.29295429019784,225.8966734169662,81.29819655500943,0.028420533721769673,0.022168343433002894,0.0,0.0,0.0,20.91132662626799,25.0,25.0,0.0,0.0,59.522767520971655,0.0,40.0,0.0,0.0,40.0,4.088673373732012,0.0,0.0,-22.048147975138775,0.0,2285.4606651121044,659.3353564875064,116.8348067795035,0.0,1229.1390000000001,5.684106744353935,0.0,1826.8077216347604
1,1,9,0.1111111111111111,190.48265672375533,104.7697629744142,25.647088684682263,174.4240249505654,95.93715283809894,233.81574077955182,80.93558812845838,0.027848775861502174,0.004061154649851939,0.0,20.77290253892412,0.0,0.0,25.0,25.0,0.0,0.0,58.35018748469788,0.0,40.0,0.0,0.0,40.0,4.227097461075877,0.0,0.0,-21.886853573384208,2176.3720752936874,0.0,1025.8835473872905,116.70838584548683,0.0,1229.1390000000001,5.569755172300434,0.0,2084.255253354164
1,1,10,0.1111111111111111,161.25929656033185,88.69625491704792,18.212758205942997,171.4713815285747,94.31313227480662,194.4750886104171,70.42681915869593,0.29350327765270817,-0.01477696658275405,0.0,0.0,0.0,20.565424656033365,25.0,25.0,0.0,0.0,45.99215474142595,0.0,40.0,0.0,0.0,40.0,4.305424656033365,0.0,0.12915068793326867,-32.43470645007496,0.0,1939.589615872044,728.5103282377199,1041.305661346948,-9.095672143297486,1229.1390000000001,58.70065553054164,0.0,2430.6616220694677
1,1,11,0.1111111111111111,164.50761540761675,90.48290364165551,21.22871704187866,164.40922592303704,90.42878720315193,208.67818153462406,66.18809474320786,0.024820007642062908,-0.0016659255859289728,0.0,20.487055383331768,0.0,0.03549792929912954,25.0,25.0,0.0,0.0,44.94710178807593,0.0,40.0,0.0,0.0,40.0,4.462553312630898,0.0,0.014893374738203846,-21.530246993051616,1853.7282581512682,3.210034694743517,849.1486816751465,89.83145439447726,-0.9857640982183347,1229.1390000000001,4.964001528412582,0.0,1562.801191485441
1,1,12,0.1111111111111111,64.06181805415166,35.23303543387775,7.345818985220095,59.49530101392519,32.72151981389171,79.43751567997352,26.77663323166046,0.07018557282532592,-0.014071582741658813,290.94999999999993,0.0,100.0,0.0,25.0,25.0,40.000000000000014,0.0,74.9118365780694,0.0,0.0,36.247926890042876,0.0,36.247926890042876,370.65978846827335,0.0,5.290211531726584,383.1157069557652,-18638.78596285542,-5949.530101392519,266.270709523747,89.6357140768745,-141.65405390294342,1229.1390000000004,187.27959243745912,0.0,-25507.174179181835
1,1,13,0.1111111111111111,74.83089753371473,41.155867011541694,11.160784360625174,78.15694362926057,42.98514228811937,96.12273681114564,29.445675972629456,0.0327812547013015,-0.033471961082986175,326.6518963991772,0.0,0.0,0.0,25.0,25.0,0.0,0.0,73.53157322222512,0.0,40.0,0.0,35.93600000000001,75.936,351.6518963991772,0.0,0.0,324.16261904217913,-24443.654588640427,0.0,847.5053212084333,102.44836785945296,0.0,1229.1390000000001,6.5562509402603,176.70407534189562,-24906.100225854694
1,1,14,0.1111111111111111,116.21158983986922,63.912437704955174,15.348371281914396,116.88011318836854,64.28010290017491,134.8555776612512,53.658875974598246,0.11567810612856554,-0.01511622218079193,0.0,0.0,0.0,1.679028251926928,21.666666666666664,22.052260353761884,0.0,0.0,68.660916122075,3.3333333333333335,40.0,0.0,1.5319999999999947,44.86533333333333,19.392361585260158,0.0,0.5952768294795785,-7.464241872233309,0.0,107.92810880616373,688.60979368685,331.70151183637296,-31.94188556359677,1076.328176739016,23.135621225713106,26.58282878834427,34.13467313991016
1,1,15,0.1111111111111111,104.24348110451746,57.330383324249354,12.752215047271319,102.99621045896266,56.644426720909856,136.7606636961812,39.44703442940989,0.07709120685615574,0.010454639699082578,0.0,17.412652633533526,0.0,0.0,21.666666666666664,21.923637356187182,0.0,0.0,65.41497057023686,3.3333333333333335,40.0,0.0,0.0,43.333333333333336,4.254014033133138,0.0,0.0,-20.753271597300273,998.274050172477,0.0,552.5959853817571,191.51896573300436,0.0,1069.6603605447438,15.418241371231147,0.0,657.3103993712635
1,1,16,0.1111111111111111,212.32584443005294,116.78400950979989,20.86568171363055,210.57029803488936,115.81841934597402,252.69309652483824,94.58110922144179,0.0643263155233465,-0.002070830544922681,0.0,20.99171667782031,0.0,0.0,25.0,25.0,0.0,0.0,62.70649412714859,0.0,40.0,0.0,0.0,40.0,3.9917166778203095,0.0,0.016566644359379268,-23.58133594311355,2451.496840129592,0.0,834.627268545222,300.49140175235544,-1.5668915995872332,1229.1390000000001,12.8652631046693,0.0,2346.1781389220873
1,1,17,0.1111111111111111,185.8857576419385,102.24136466507254,17.388765575155343,204.37095407866317,112.40864016679858,221.52877502289235,82.63690015935596,0.05465785420675945,-0.0071835961100619496,0.0,0.0,0.0,30.710753066232506,25.0,25.0,0.0,9.497763387606343,50.953914980467914,0.0,30.50223661239366,0.0,0.0,30.50223661239366,3.732989678626167,0.0,0.05402064274766616,-32.431960510720465,0.0,3452.1539906735356,530.3962419708338,170.45545376152526,-4.464098461283125,1229.1390000000001,55.824750946733175,0.0,2872.506033920444
1,1,18,0.1111111111111111,86.56054164997235,47.60699467740876,13.267084191979103,85.76001345015895,47.1667162200287,106.05863757650819,36.883335475416075,0.1443441195642736,-0.03068166410798297,15.502692787547709,0.0,100.0,0.0,25.0,25.0,0.0,0.0,44.87626784091955,0.0,40.0,0.0,0.0,40.0,140.50269278754786,1.4210854715202004e-13,0.0,109.72892800497691,-1341.9214847232495,-8576.001345015895,530.6833676791641,274.87158927246503,1.5071838898920217e-11,1229.1390000000001,28.86882391285472,0.0,-10370.375696700385
1,1,19,0.1111111111111111,78.97183915971985,43.433322561044356,10.889034346339747,70.61096533833143,38.83496783813982,94.91104077352946,34.66700164938423,0.027568304539229604,0.0124209402265385,84.50502174034183,0.0,100.0,0.0,25.0,25.0,0.0,0.0,43.71549712347831,0.0,40.0,0.0,20.889999999999972,60.88999999999997,214.77497825965796,5.269956519316139,0.0,188.09634419626425,-6673.516985066904,-7061.0965338331425,663.0333013486269,72.9086547373347,500.1770580795415,1229.1390000000001,5.513660907845921,86.38528227367586,-14819.886564075146
1,1,20,0.1111111111111111,152.5183721932837,83.87993809478188,15.762612547550487,172.06230273685128,94.6284378364763,192.29693959383513,62.0030735369244,0.03247517575062924,0.023331274464456247,0.0,0.0,0.0,12.269758945662105,25.0,25.0,0.0,0.0,42.34812130239918,0.0,40.0,0.0,0.944000000000006,40.944,12.730241054337974,7.815970093361102e-14,0.0,-13.59942254159579,0.0,1161.0681216581354,645.3844081469072,111.53210011380918,1.5029871289102818e-11,1229.1390000000001,6.495035150125848,4.59848488628913,677.7521098824215
1,1,21,0.1111111111111111,119.85569484421097,65.91657201205166,20.99971564288953,111.53493510356653,61.34043602325211,143.9685397492471,52.655324145071255,0.023777548542363858,0.03411477173584994,0.0,18.78148645352364,0.0,0.0,21.666666666666664,21.74592516180788,0.0,0.0,41.34696136377333,3.3333333333333335,40.0,0.0,0.0,43.333333333333336,2.885180213143021,0.0,3.552713678800501e-15,-19.811846890359412,1238.0112043070637,0.0,909.9876778585464,67.91782793305386,-1.8706929035186894e-13,1060.4477603881203,4.755509708472772,0.0,1150.7134400020711
1,1,22,0.1111111111111111,78.71058416256794,43.289636245989264,10.156847114603986,77.71352520426524,42.74126883034943,92.35922586306313,35.783088800655186,0.16896029803429255,0.06208521935109839,15.293292889462826,0.0,100.0,0.0,25.0,25.0,0.0,0.0,34.23284355180312,0.0,40.0,0.0,0.0,40.0,158.86670711053728,18.573414221074444,0.0,127.10829518916557,-1203.7440170988657,-7771.352520426524,406.2738845841594,292.5691936767384,1715.4261590924434,1229.1390000000001,33.79205960685851,0.0,-11254.610677963796
1,1,23,0.1111111111111111,62.48777938563922,34.367337864459515,7.494465814212606,65.56805686493634,36.06144410232046,74.07538220509491,27.994330773301492,0.04593252772515097,0.03421670228593113,182.99109099570154,0.0,0.0,0.0,25.0,25.0,0.0,0.0,32.298842384428326,0.0,40.000000000000306,0.0,0.0,40.000000000000306,222.72890900429792,14.737818008596378,0.0,195.89160789529186,-11434.70692367683,0.0,299.7786325685065,63.14314797195717,1091.7095018559075,1229.1390000000001,9.186505545030263,0.0,-13401.820150537302
1,2,0,0.1111111111111111,115.68144891343708,63.620878154120966,11.682883301026855,117.04924680332512,64.37312065894253,156.66377570779198,41.08198670742883,0.02533295248733271,0.0,0.0,0.0,0.0,0.0,20.0,20.0,17.49743554245601,0.0,33.643339071367045,0.0,0.0,17.49743554245601,0.0,17.49743554245601,2.5,0.0,0.0025644575439898176,-0.4458261607911946,0.0,0.0,204.4204975097531,28.20069881267854,-0.10535301073395528,1057.3390000000002,85.27086919604402,0.0,-909.8833198628786
1,2,1,0.1111111111111111,110.6323980250384,60.84407120381092,16.540422280192765,134.8757187753406,74.1770763657742,137.4268838451532,46.10801167503165,0.04154461518268509,0.0,0.0,0.0,0.0,0.0,25.0,25.0,22.469999999999988,0.0,50.87253306884308,0.0,0.0,22.46999999999999,0.0,22.46999999999999,2.53,0.0,1.199040866595169e-14,-0.9335075031549456,0.0,0.0,371.6632886359313,56.79839699125053,-5.528539027581012e-13,1229.1390000000001,107.68246248422527,0.0,-908.3597768570431
1,2,2,0.1111111111111111,67.81485965748038,37.29715181101714,7.8586478153201025,70.57505628004911,38.81521839672077,79.23328025612159,31.017192394149276,0.4291233248819329,0.0,261.73000000000013,0.0,95.77007827501234,0.0,25.0,25.0,12.664143404912407,0.0,61.00384779277301,0.0,0.0,0.0,0.0,0.0,386.73,16.894065129899957,0.0,374.3941434049124,-17749.18321815235,-6758.978664203704,0.0,0.0,1338.5721971025343,1229.1390000000001,63.320717024562036,0.0,-27139.19379648315
1,2,3,0.1111111111111111,74.38463765829015,40.9104307988157,7.796290038825693,74.43524204321723,40.93826244864085,92.20725516695889,31.10825950113927,0.05330596672825526,0.0,145.77819646363184,0.0,63.22266072751566,0.0,25.0,25.0,0.0,0.0,58.75938603579384,0.0,40.0,0.0,7.677196463631866,47.677196463631866,247.57999999999996,13.579142808852453,0.0,220.0385209516131,-10843.658322426289,-4705.994053868832,371.70525186854866,103.97300273567019,1252.095485924433,1229.1390000000001,10.661193345651052,61.38605688849587,-17627.255857849483
1,2,4,0.1111111111111111,92.90183070777304,51.09810494326587,11.347940125481562,91.7693746936239,50.475228560596435,106.82375752790432,43.44073078553557,0.11466824267434636,0.0,0.0,0.0,8.19985998302625,0.0,25.0,25.0,0.0,0.0,53.93124950213715,0.0,40.0,0.0,3.2650000000000006,43.265,35.65,2.450140016973748,0.0,5.688878480694403,0.0,-752.4960232175886,490.9686295289598,253.5039080297719,261.733163082619,1229.1390000000001,22.933648534869274,56.158771849761145,-1577.9880691261064
1,2,5,0.1111111111111111,100.69435266008787,55.384167999919605,10.331981944286953,113.44300798942419,62.39621634106653,141.86252013395426,32.740746165547066,0.08428231831522846,0.0,40.77391269506979,0.0,0.0,0.0,25.0,25.0,0.0,0.0,50.382520309917005,0.0,40.0,0.0,6.53,46.53,68.53999999999999,2.7660873049302026,0.0,39.61834372879241,-4105.702744248992,0.0,480.7471198676719,217.19766976249892,392.40411598793617,1229.1390000000001,16.856463663045695,82.55453078976628,-5128.712065059568
1,2,6,0.1111111111111111,114.66367361058342,63.06113621503461,13.6678067318565,118.75036637985698,65.30867880003312,132.00973474947628,53.52139019234066,0.05751926924734378,0.0,0.0,0.0,0.0,5.062279573767299,21.666666666666664,21.85839756415781,0.0,0.0,47.960656341607795,3.3333333333333335,40.0,0.0,1.3060000000000012,44.63933333333334,16.56000000000001,0.0,0.04438709289935616,-7.674288499688584,0.0,330.6107906791371,610.1217806389196,161.91715016089267,-2.3756589185701147,1066.278329725941,11.503853849468758,11.268024845554658,15.97517197655492
1,2,7,0.1111111111111111,94.63170043761048,52.044229559776625,9.74037357187433,102.01032625276731,56.102223804663865,120.74184632112893,37.68453381387818,0.033376854262201654,0.0,0.0,0.0,0.0,0.0,25.0,25.0,21.240000000000006,0.0,64.38551683398447,0.0,0.0,21.24000000000001,0.0,21.24000000000001,3.76,5.329070518200751e-15,0.0,-0.7089243845291581,0.0,0.0,206.88553466661085,36.89542340895914,6.43441813543054e-13,1229.1390000000001,102.65537807735421,0.0,-1088.013420001785
1,2,8,0.1111111111111111,186.8527535316368,102.7732342426155,16.48338391218766,198.7063032629834,109.29295429019784,239.42110368775823,73.85945447630256,0.044460023732686975,0.0,0.0,0.0,0.0,20.91132662626799,25.0,25.0,0.0,0.0,62.51351583471344,0.0,40.0,0.0,0.0,40.0,4.0,0.0,0.08867337373201067,-22.77840094930748,0.0,2285.4606651121044,659.3353564875064,182.7720173404673,-6.549367010419606,1229.1390000000001,8.892004746537395,0.0,1896.0864012039603
1,2,9,0.1111111111111111,190.48265672375533,104.7697629744142,25.647088684682263,174.4240249505654,95.93715283809894,219.9494642813401,88.56235335235057,0.043748822694237244,0.0,0.0,20.77290253892412,0.0,0.0,25.0,25.0,0.0,0.0,60.6714601423245,0.0,40.0,0.0,0.0,40.0,4.21,0.0,0.017097461075877618,-22.53995290776949,2176.3720752936874,0.0,1025.8835473872905,183.34215136339637,-1.5141913892299335,1229.1390000000001,8.74976453884745,0.0,2149.2232008947562
1,2,10,0.1111111111111111,161.25929656033185,88.69625491704792,18.212758205942997,171.4713815285747,94.31313227480662,203.4332241933993,65.49964228147073,0.00992052352609015,0.0,0.0,0.0,0.0,20.565424656033365,25.0,25.0,0.0,0.0,60.25375388859439,0.0,40.0,0.0,0.0,40.0,4.37,0.0,0.06457534396663434,-21.026820941043606,0.0,1939.589615872044,728.5103282377199,35.19653134322652,-4.229661930017478,1229.1390000000001,1.98410470521803,0.0,1476.4030326777895
1,2,11,0.1111111111111111,164.50761540761675,90.48290364165551,21.22871704187866,164.40922592303704,90.42878720315193,217.53529927674626,61.31647995979803,0.46133864764902605,0.0,0.0,20.487055383331768,0.0,0.03549792929912954,25.0,25.0,0.0,0.0,40.82896872442487,0.0,40.0,0.0,0.0,40.0,4.47,0.0,0.0074466873691036994,-38.983545905961044,1853.7282581512682,3.210034694743517,849.1486816751465,1669.7304160559395,-0.4566046568345281,1229.1390000000001,92.26772952980522,0.0,3054.867265704127
1,2,12,0.1111111111111111,64.06181805415166,35.23303543387775,7.345818985220095,59.49530101392519,32.72151981389171,81.67815573666091,25.544314934900598,0.12174097611046024,0.0,290.94999999999993,0.0,100.0,0.0,25.0,25.0,40.000000000000014,0.0,69.29868232316534,0.0,0.0,36.247926890042876,0.0,36.247926890042876,375.94999999999993,0.0,0.0,386.5371419984255,-18638.78596285542,-5949.530101392519,266.270709523747,155.47838233414245,0.0,1229.1390000000001,177.93570999212795,0.0,-25573.641682382182
1,2,13,0.1111111111111111,74.83089753371473,41.155867011541694,11.160784360625174,78.15694362926057,42.98514228811937,94.17217207017524,30.518457213033685,0.06375552456249015,0.0,326.6518963991772,0.0,0.0,0.0,25.0,25.0,0.0,0.0,66.61423918369206,0.0,40.0,0.0,35.93600000000001,75.936,363.83000000000004,12.178103600822851,0.0,333.98866048682277,-24443.654588640427,0.0,847.5053212084333,199.249525162045,1146.8384677851102,1229.1390000000001,12.751104912498029,343.66777960164694,-26129.296094569203
1,2,14,0.1111111111111111,116.21158983986922,63.912437704955174,15.348371281914396,116.88011318836854,64.28010290017491,153.13505359950003,43.60578343200103,0.04937021583068184,0.0,0.0,0.0,0.0,1.679028251926928,21.666666666666664,21.831234052768938,0.0,0.0,64.53549325397914,3.3333333333333335,40.0,0.0,1.5319999999999947,44.86533333333333,19.689999999999948,0.0,0.29763841473978836,-4.191677856648868,0.0,107.92810880616373,688.60979368685,141.56676469551286,-12.978756254187315,1064.870173295542,9.874043166136367,11.345275597890646,-135.00606861685495
1,2,15,0.1111111111111111,104.24348110451746,57.330383324249354,12.752215047271319,102.99621045896266,56.644426720909856,130.3897455924965,42.950823569427556,0.030886250872244753,0.0,0.0,17.412652633533526,0.0,0.0,21.666666666666664,21.769620836240815,0.0,0.0,63.23501953304252,3.3333333333333335,40.0,0.0,0.0,43.333333333333336,4.21,0.0,0.04401403313313779,-18.7950708711306,998.274050172477,0.0,552.5959853817571,76.73122608470464,-1.8904389716803398,1061.6761441507238,6.17725017444895,0.0,561.6383062854466
1,2,16,0.1111111111111111,212.32584443005294,116.78400950979989,20.86568171363055,210.57029803488936,115.81841934597402,268.4606096803935,85.90862089932014,0.12417899180135912,0.0,0.0,20.99171667782031,0.0,0.0,25.0,25.0,0.0,0.0,58.00643040456424,0.0,40.0,0.0,0.0,40.0,4.0,0.0,0.008283322179689634,-25.967159672054365,2451.496840129592,0.0,834.627268545222,580.0848223778914,-0.711608784921887,1229.139,24.835798360271824,0.0,2612.945741477355
1,2,17,0.1111111111111111,185.8857576419385,102.24136466507254,17.388765575155343,204.37095407866317,112.40864016679858,228.65522436671662,78.71719207966217,0.05002594877473551,0.0,0.0,0.0,0.0,30.710753066232506,25.0,25.0,0.0,9.497763387606343,46.4025707057297,0.0,30.50223661239366,0.0,0.0,30.50223661239366,3.76,0.0,0.027010321373836632,-32.26366671389281,0.0,3452.1539906735356,530.3962419708338,156.01043842650188,-2.126176655717703,1229.1390000000001,55.11833356946405,0.0,2856.4295141571247
1,2,18,0.1111111111111111,86.56054164997235,47.60699467740876,13.267084191979103,85.76001345015895,47.1667162200287,111.56593234118154,33.85440627105719,0.08523777310923672,0.0,15.502692787547709,0.0,100.0,0.0,25.0,25.0,0.0,0.0,42.81361183797237,0.0,40.0,0.0,0.0,40.0,144.95,4.447307212452273,0.0,116.54048907563052,-1341.9214847232495,-8576.001345015895,530.6833676791641,162.3165684290243,496.16797556489894,1229.139,17.047554621847347,0.0,-10967.2774238177
1,2,19,0.1111111111111111,78.97183915971985,43.433322561044356,10.889034346339747,70.61096533833143,38.83496783813982,93.20225617871628,35.60680744957281,0.019144787783917882,0.0,84.50502174034183,0.0,100.0,0.0,25.0,25.0,0.0,0.0,42.00751551022846,0.0,40.0,0.0,20.889999999999972,60.88999999999997,212.14000000000007,2.6349782596582543,0.0,185.9742738718373,-6673.516985066904,-7061.0965338331425,663.0333013486269,50.63135894233046,245.58591878201662,1229.1390000000001,3.8289575567835765,59.990192520906604,-14559.492927468798
1,2,20,0.1111111111111111,152.5183721932837,83.87993809478188,15.762612547550487,172.06230273685128,94.6284378364763,198.74332141324916,58.457781909614546,0.07863429001857718,0.0,0.0,0.0,0.0,12.269758945662105,25.0,25.0,0.0,0.0,38.69659803576205,0.0,40.0,0.0,0.944000000000006,40.944,12.440000000000135,0.0,0.29024105433776093,-15.77960237052049,0.0,1161.0681216581354,645.3844081469072,270.0600475290829,-16.966848255693414,1229.1390000000001,15.726858003715435,11.134615466630597,837.478952119473
1,2,21,0.1111111111111111,119.85569484421097,65.91657201205166,20.99971564288953,111.53493510356653,61.34043602325211,144.47186757297428,52.378510892421836,0.28780050893279374,0.0,0.0,18.78148645352364,0.0,0.0,21.666666666666664,22.626001696442643,0.0,0.0,26.578681870170733,3.3333333333333335,40.0,0.0,0.0,43.333333333333336,2.79,0.0,0.09518021314302416,-31.348022053754395,1238.0112043070637,0.0,909.9876778585464,822.0689954608566,-4.985397830854923,1106.0709279435869,57.56010178655875,0.0,1811.4222457271758
1,2,22,0.1111111111111111,78.71058416256794,43.289636245989264,10.156847114603986,77.71352520426524,42.74126883034943,92.27279432819249,35.830624843546246,0.04607744385362058,0.0,15.293292889462826,0.0,100.0,0.0,25.0,25.0,0.0,0.0,24.63857897107092,0.0,40.0,0.0,0.0,40.0,149.57999999999998,9.28670711053715,0.0,122.73690224585516,-1203.7440170988657,-7771.352520426524,406.2738845841594,79.78703134272915,856.9104151967573,1229.1390000000001,9.215488770724116,0.0,-10584.300525565983
1,2,23,0.1111111111111111,62.48777938563922,34.367337864459515,7.494465814212606,65.56805686493634,36.06144410232046,79.15178987475005,25.202382983893138,0.11016625056293453,0.0,182.99109099570154,0.0,0.0,0.0,25.0,25.0,0.0,0.0,19.999999999999957,0.0,40.000000000000306,0.0,0.0,40.000000000000306,215.3599999999998,7.368909004298246,0.0,185.95334997748236,-11434.70692367683,0.0,299.7786325685065,151.4448301742841,583.2623371143684,1229.1390000000001,22.033250112587073,0.0,-12817.918048160996
2,0,0,0.1111111111111111,116.61318668231752,64.13330236407266,13.716490905129673,116.2406209080956,63.928403809042415,162.92766714594893,38.66190702779027,0.05975743058665235,0.01583412637486572,0.0,0.0,0.0,0.0,20.0,20.0,17.49743554245601,0.0,33.161467002066615,0.0,0.0,17.49743554245601,0.0,17.49743554245601,2.5395853159371646,0.037020858393174816,0.0,-1.008580931479564,0.0,0.0,240.00341548119056,67.05789574232392,6.0317220937404965,1057.3390000000002,82.25916876291636,0.0,-838.5685796331426
2,0,1,0.1111111111111111,116.61318668231752,64.13330236407266,13.716490905129673,116.2406209080956,63.928403809042415,153.8043602414182,43.67941677017023,0.14063657306595123,-0.008230484930499925,0.0,0.0,0.0,0.0,25.0,25.0,22.449176873125705,0.0,48.59506825769694,0.0,0.0,22.449176873125708,0.0,22.449176873125708,2.509176873125835,0.0,0.04164625374846054,-3.1988215573362666,0.0,0.0,307.9239304078762,202.48007836137967,-1.8190840743952719,1229.1390000000001,96.4600078476895,0.0,-813.3759150040385
2,0,2,0.1111111111111111,65.5949175088036,36.07621705204149,7.715526134135441,65.38534926080376,35.960957670839534,79.02515785440562,28.689787063712046,0.13645109091988963,0.028317238829607856,261.73000000000013,0.0,89.04887422742559,0.0,25.0,25.0,0.0,0.0,48.59506825769694,0.0,0.0,0.0,0.0,0.0,397.68112577257426,21.902251545148545,0.0,372.68112577257426,-17168.157759579175,-5822.491742641609,0.0,0.0,1730.828885722263,1229.1390000000001,0.0,0.0,-25950.617387943043
2,0,3,0.1111111111111111,65.5949175088036,36.07621705204149,7.715526134135441,65.38534926080376,35.960957670839534,84.92421126551734,25.445396502015104,0.061028668646302624,0.03671652737761515,145.77819646363184,0.0,100.0,0.0,25.0,25.0,23.198196463631877,0.0,66.02102139246578,0.0,0.0,23.198196463631866,24.479,47.677196463631866,256.6702778481499,9.090277848149952,0.0,251.95879848681813,-9562.308771614096,-6538.534926080376,367.8546553174615,104.9700966124669,771.9846764385389,1229.1390000000001,108.9122070923053,224.08811696892627,-17962.142946264314
2,0,4,0.1111111111111111,87.45989001173814,48.10491466205696,10.287368178847256,87.1804656810717,47.95122496979452,105.70000322262386,38.07244046939387,0.0371275132075044,0.037086951918621935,0.0,0.0,9.327850164101136,0.0,25.0,25.0,0.0,0.0,64.4577576784656,0.0,40.0,0.0,3.265,43.265,36.97214983589887,2.6442996717977323,0.0,10.36582797697619,0.0,-813.2063211095981,445.0829842578265,77.27197594327214,279.5024838306035,1229.1390000000001,7.425502641500881,18.18319959337528,-1825.101546973979
2,0,5,0.1111111111111111,87.45989001173814,48.10491466205696,10.287368178847256,87.1804656810717,47.95122496979452,107.59933019094329,37.02776774325522,0.07307088254660052,0.031893141345756444,40.77391269506979,0.0,0.5801313970920603,0.0,25.0,25.0,0.0,0.0,61.38108893966137,0.0,40.0,0.0,6.53,46.53,70.72595590783813,4.3719118156762775,0.0,42.325967742944805,-3566.0819196590173,-50.576125354696536,478.67124136176284,163.5561405241969,470.4147830206382,1229.1390000000001,14.614176509320105,71.57292945439521,-4760.171552112108
2,0,6,0.1111111111111111,116.61318668231752,64.13330236407266,13.716490905129673,116.2406209080956,63.928403809042415,145.24236869445954,48.38822208063344,0.06006587389578671,0.04207195435422111,0.0,4.409955102560752,0.0,0.0,21.666666666666664,21.866886246319286,0.0,0.0,58.85199951247035,3.3333333333333335,40.0,0.0,1.3060000000000012,44.63933333333334,17.256711564105913,8.881784197001252e-16,0.0,-7.09125566935274,282.8249840045138,0.0,612.2950096777186,171.96065997903,1.2900113750054802e-13,1066.718383009192,12.01317477915734,11.766904696184627,-23.417808823271702
2,0,7,0.1111111111111111,116.61318668231752,64.13330236407266,13.716490905129673,116.2406209080956,63.928403809042415,130.52032887051556,56.484845269716466,0.035435140248732226,-0.006724343536501787,0.0,21.214716468302754,0.0,0.0,25.0,25.0,0.0,0.0,57.35999360726057,0.0,40.0,0.0,0.0,40.0,3.734716468302753,0.0,0.05056706339449235,-22.682689141646534,1360.5698258297323,0.0,548.6596362051869,90.9029025554106,-2.856272751581844,1229.1390000000001,7.087028049746445,0.0,766.7626092921652
2,0,8,0.1111111111111111,174.91978002347628,96.20982932411393,20.574736357694512,174.3609313621434,95.90244993958903,219.19909058254606,71.85520853219558,0.08369755056952409,0.010699705676095671,0.0,0.0,0.0,20.957201177295616,25.0,25.0,0.0,0.0,53.835886214859556,0.0,40.0,0.0,0.0,40.0,4.042798822704382,0.0,0.0,-24.30510320007658,0.0,2009.8469367794892,822.9894543077805,322.10108220561233,0.0,1229.1390000000001,16.739510113904817,0.0,1909.058963178977
2,0,9,0.1111111111111111,174.91978002347628,96.20982932411393,20.574736357694512,174.3609313621434,95.90244993958903,205.61633250274187,79.32603222310867,0.08209564123922995,0.020886467410460154,0.0,20.70206797220196,0.0,0.0,25.0,25.0,0.0,0.0,50.37922763636566,0.0,40.0,0.0,0.0,40.0,4.297932027798037,0.0,3.552713678800501e-15,-23.98589362177116,1991.7424262617558,0.0,822.9894543077805,315.9363052752001,-2.818226797640075e-13,1229.1390000000001,16.41912824784599,0.0,1885.1100575968908
2,0,10,0.1111111111111111,174.91978002347628,96.20982932411393,20.574736357694512,174.3609313621434,95.90244993958903,208.83329218491107,77.55663174751625,0.028525697590258314,-0.029893365405155303,0.0,20.499365993179467,0.0,0.0,25.0,25.0,0.0,0.0,49.17814563256531,0.0,40.0,0.0,0.0,40.0,4.239365993179471,0.0,0.261268013641061,-21.90166191043086,1972.2405034563417,0.0,822.9894543077805,109.7780998604016,-20.26306712136482,1229.1390000000001,5.705139518051663,0.0,1690.426985227837
2,0,11,0.1111111111111111,174.91978002347628,96.20982932411393,20.574736357694512,174.3609313621434,95.90244993958903,201.78186963894692,81.43507339401485,0.05313502505405451,-0.009607296793788068,0.0,20.487055383331768,0.0,0.0,25.0,25.0,0.0,0.0,46.940881419763016,0.0,40.0,0.0,0.0,40.0,4.427055383331767,0.0,0.08588923333646292,-22.698345618830412,1971.056101784019,0.0,822.9894543077805,204.4844676633241,-6.994396020510525,1229.1390000000001,10.627005010810905,0.0,1765.758414764823
2,0,12,0.1111111111111111,65.5949175088036,36.07621705204149,7.715526134135441,65.38534926080376,35.960957670839534,75.54157326117198,30.605706142164696,0.6012063624859987,-0.011774490397312083,290.94999999999993,0.0,96.24792689004295,0.0,25.0,25.0,36.247926890042876,0.0,58.50523551322044,0.0,0.0,36.247926890042876,0.0,36.247926890042876,371.52338033513047,0.0,4.42661966486952,360.9788229519523,-19084.841249186404,-6293.2043153337645,279.6718272283566,786.190392743925,-135.47982066612408,1229.1390000000001,72.27721308410891,0.0,-25478.11973696587
2,0,13,0.1111111111111111,65.5949175088036,36.07621705204149,7.715526134135441,65.38534926080376,35.960957670839534,77.40820001589357,29.57908953045166,0.11166398461299737,0.011691850467093538,326.6518963991772,0.0,7.92425764538018,0.0,25.0,25.0,0.0,0.0,58.50523551322044,0.0,0.0,0.0,0.0,0.0,368.08384595544265,8.507691910885285,0.0,343.08384595544265,-21426.70419839829,-518.1303537757775,0.0,0.0,658.5651171114079,1229.1390000000001,0.0,0.0,-23832.538669285474
2,0,14,0.1111111111111111,116.61318668231752,64.13330236407266,13.716490905129673,116.2406209080956,63.928403809042415,152.31663188198917,44.49761697055406,0.06281852935320012,-0.003522382223047924,0.0,1.9073109606949057,0.0,0.0,21.666666666666664,21.876061764510666,0.0,0.0,55.86024480361201,3.3333333333333335,40.0,0.0,1.5319999999999947,44.86533333333333,19.620644294028136,0.0,0.13871141194362302,-4.864396631579636,122.3221505445563,0.0,615.3949366222778,180.7516485237893,-6.172327278112075,1067.194041872233,12.563705870640023,14.435698045365337,-169.5523828195028
2,0,15,0.1111111111111111,116.61318668231752,64.13330236407266,13.716490905129673,116.2406209080956,63.928403809042415,162.55521758348232,38.866741670291816,0.43306703602779273,-0.0025512099174071624,0.0,17.412652633533526,0.0,0.03327343938085647,21.666666666666664,23.110223453425974,0.0,0.0,37.62584328665232,3.3333333333333357,40.0,0.0,0.0,43.333333333333336,4.199259406247716,0.0,0.02148118750456618,-36.233645488289966,1116.7309163069717,2.1271178688550867,594.3812725556191,1203.5408305042713,-0.8349037655110741,1131.1729838256026,86.61340720555854,0.0,1699.828649970067
2,0,16,0.1111111111111111,174.91978002347628,96.20982932411393,20.574736357694512,174.3609313621434,95.90244993958903,216.41057425090546,73.38895548922149,0.040354546937782274,0.006697710465179434,0.0,20.973209158139284,0.0,0.0,25.0,25.0,0.0,0.0,35.926704468219384,0.0,40.0,0.0,0.0,40.0,4.026790841860718,0.0,0.0,-22.587391035650576,2017.8288734835237,0.0,822.9894543077805,155.30016293343908,0.0,1229.1390000000001,8.070909387556455,0.0,1758.9085813371864
2,0,17,0.1111111111111111,174.91978002347628,96.20982932411393,20.574736357694512,174.3609313621434,95.90244993958903,232.92716838107566,64.30445571414707,0.008008819238576475,-0.017011654250753325,0.0,0.0,0.0,21.176036180017167,25.0,25.0,0.0,0.0,35.58949102659511,0.0,40.0,0.0,0.0,40.0,3.6960361800171673,0.0,0.12792763996566592,-21.624316589525893,0.0,2030.8337496730226,822.9894543077805,30.821085281244905,-8.226317258787514,1229.1390000000001,1.6017638477152951,0.0,1662.1298426731203
2,0,18,0.1111111111111111,65.5949175088036,36.07621705204149,7.715526134135441,65.38534926080376,35.960957670839534,80.07841157503309,28.11051337484542,0.012635034041643116,0.004159327005877231,19.347105550497943,0.0,100.0,0.0,25.0,25.0,0.0,0.0,35.05748959326277,0.0,40.0,0.0,0.0,40.0,145.5528944495019,1.205788899003963,0.0,120.04749308783619,-1269.0717926190289,-6538.534926080376,308.6210453654177,18.232969221850006,96.55765972704535,1229.1390000000001,2.5270068083286237,0.0,-8808.976370647511
2,0,19,0.1111111111111111,65.5949175088036,36.07621705204149,7.715526134135441,65.38534926080376,35.960957670839534,74.42895367718663,31.21763016208317,0.017225964743145295,-2.352032104169885e-05,87.13999999999967,0.0,100.0,0.0,25.0,25.0,0.0,0.0,34.332185814604024,0.0,40.0,0.0,20.889999999999972,60.88999999999997,212.13501039909428,0.0,0.0049896009053895796,186.08612140588417,-5715.941111717125,-6538.534926080376,469.7983863075068,37.839946982545435,-0.15576351572084723,1229.1390000000001,3.445192948629059,53.97756052264571,-13033.243694463004
2,0,20,0.1111111111111111,116.61318668231752,64.13330236407266,13.716490905129673,116.2406209080956,63.928403809042415,145.76575408665886,48.10037784478128,0.07152669080931177,0.01180547077567681,0.0,0.0,0.0,12.41313994355052,25.0,25.0,0.0,0.0,31.32053567526458,0.0,40.0,0.0,0.944000000000006,40.944,12.586860056449554,7.460698725481052e-14,0.0,-15.341728772046908,0.0,793.5522228494516,561.6080036196294,187.82007283800888,1.0875143757331202e-11,1229.1390000000001,14.305338161862355,10.128179418598611,289.40778172661777
2,0,21,0.1111111111111111,116.61318668231752,64.13330236407266,13.716490905129673,116.2406209080956,63.928403809042415,148.47035681779536,46.61293796198992,0.12686349564273688,-0.005440817686676822,0.0,18.78148645352364,0.0,0.08000033179719424,21.666666666666664,22.089544985475786,0.0,0.0,25.97891480609671,3.3333333333333335,40.0,0.0,0.0,43.333333333333336,2.774820118654172,0.0,0.0303597626916563,-24.38926469253109,1204.5187495705663,5.114293515988409,594.3812725556191,352.5675800841506,-1.4151577348869113,1078.2610120470647,25.372699128547378,0.0,1054.3633422855996
2,0,22,0.1111111111111111,65.5949175088036,36.07621705204149,7.715526134135441,65.38534926080376,35.960957670839534,79.38043919719034,28.494387674191934,0.01023562665322529,0.02280434642665433,21.16892586150115,0.0,100.0,0.0,25.0,25.0,0.0,0.0,25.97891480609671,0.0,0.0,0.0,0.0,0.0,152.99107413849893,6.82214827699778,0.0,127.99107413849893,-1388.5739456351473,-6538.534926080376,0.0,0.0,541.5451264964391,1229.1390000000001,0.0,0.0,-9697.792998211964
2,0,23,0.1111111111111111,65.5949175088036,36.07621705204149,7.715526134135441,65.38534926080376,35.960957670839534,82.75989516312818,26.635737773021976,0.1419992266447957,0.028207455338299978,84.83082181620208,0.0,99.45442060214131,0.0,25.0,25.0,0.0,0.0,20.000000000000004,0.0,40.000000000000306,0.0,0.0,40.000000000000306,221.43475758165607,12.149515163312685,0.0,190.7547885158642,-5564.470759237793,-6502.862026601887,308.62104536542,204.9117968663889,1005.492601198594,1229.1390000000001,28.39984532895936,0.0,-13816.831390135425
2,1,0,0.1111111111111111,116.61318668231752,64.13330236407266,13.716490905129673,116.2406209080956,63.928403809042415,149.70662001680063,45.93303508137167,0.02175483174838958,-0.01583412637486572,0.0,0.0,0.0,0.0,20.0,20.0,17.49743554245601,0.0,33.69342542096127,0.0,0.0,17.49743554245601,0.0,17.49743554245601,2.460414684062836,0.0,0.04214977348115401,-0.42280353973557633,0.0,0.0,240.00341548119056,24.412583087217904,-1.9360670239817164,1057.3390000000002,85.58390888100794,0.0,-876.570843288618
2,1,1,0.1111111111111111,116.61318668231752,64.13330236407266,13.716490905129673,116.2406209080956,63.928403809042415,138.12378437097712,52.303202314093376,0.07131983740925939,0.008230484930499925,0.0,0.0,0.0,0.0,25.0,25.0,22.449176873125705,0.0,50.3719096038114,0.0,0.0,22.449176873125708,0.0,22.449176873125708,2.550823126874165,0.0,1.305622276959184e-13,-1.601071644563162,0.0,0.0,307.9239304078762,102.68201188730399,-6.828822609758346e-12,1229.1390000000001,104.24052614281337,0.0,-922.7735838476265
2,1,2,0.1111111111111111,65.5949175088036,36.07621705204149,7.715526134135441,65.38534926080376,35.960957670839534,75.66081903567333,30.540122761518287,0.08419725471763563,-0.028317238829607856,261.73000000000013,0.0,89.04887422742559,0.0,25.0,25.0,0.0,0.0,50.3719096038114,0.0,0.0,0.0,0.0,0.0,375.7788742274258,5.684341886080802e-14,0.0,350.7788742274258,-17168.157759579175,-5822.491742641609,0.0,0.0,4.300819627796575e-12,1229.1390000000001,0.0,0.0,-24219.788502220785
2,1,3,0.1111111111111111,65.5949175088036,36.07621705204149,7.715526134135441,65.38534926080376,35.960957670839534,80.265255114443,28.007752241231387,0.08209609912496638,-0.03671652737761515,145.77819646363184,0.0,100.0,0.0,25.0,25.0,23.198196463631877,0.0,67.40688162559789,0.0,0.0,23.198196463631866,24.479,47.677196463631866,238.48972215185,0.0,9.090277848149952,232.77380676860307,-9562.308771614096,-6538.534926080376,367.8546553174615,141.20634855396722,-254.59824977493787,1229.139,106.46857513616555,301.4445615720078,-16974.23658075628
2,1,4,0.1111111111111111,87.45989001173814,48.10491466205696,10.287368178847256,87.1804656810717,47.95122496979452,107.08024927806696,37.3132739680317,0.0584437234484363,-0.037086951918621935,0.0,0.0,9.327850164101136,0.0,25.0,25.0,0.0,0.0,64.94609326987425,0.0,40.0,0.0,3.265,43.265,34.32785016410113,0.0,7.105427357601002e-15,6.799282469104533,0.0,-813.2063211095981,445.0829842578265,121.63653318504535,-2.6512675765411374e-13,1229.1390000000001,11.68874468968726,28.622813558871677,-1515.937361915285
2,1,5,0.1111111111111111,87.45989001173814,48.10491466205696,10.287368178847256,87.1804656810717,47.95122496979452,106.26421626325347,37.762110555109004,0.06660789045492745,-0.031893141345756444,40.77391269506979,0.0,0.5801313970920603,0.0,25.0,25.0,0.0,0.0,62.141550513877306,0.0,40.0,0.0,6.53,46.53,66.35404409216184,0.0,7.105427357601002e-15,38.25477894929407,-3566.0819196590173,-50.576125354696536,478.67124136176284,149.08988521274205,-2.6831593341902507e-13,1229.1390000000001,13.321578090985488,65.24242870060144,-4296.5999252307965
2,1,6,0.1111111111111111,116.61318668231752,64.13330236407266,13.716490905129673,116.2406209080956,63.928403809042415,154.09073437877592,43.52192069564441,0.023340044062615445,-0.04207195435422111,0.0,4.409955102560752,0.0,0.0,21.666666666666664,21.74446681354205,0.0,0.0,61.15881181650403,3.3333333333333335,40.0,0.0,1.3060000000000012,44.63933333333334,15.863288435894107,0.0,1.393423128211805,-6.845262237698336,282.8249840045138,0.0,612.2950096777186,66.81946204446253,-60.644450881510934,1060.37215961402,4.668008812523089,4.57231463186637,-47.02857645020357
2,1,7,0.1111111111111111,116.61318668231752,64.13330236407266,13.716490905129673,116.2406209080956,63.928403809042415,163.3833113159891,38.4113181693688,0.07257352217615241,0.006724343536501787,0.0,21.214716468302754,0.0,0.0,25.0,25.0,0.0,0.0,58.10308456698182,0.0,40.0,0.0,0.0,40.0,3.785283531697247,0.0,0.0,-24.11765735534885,1360.5698258297323,0.0,548.6596362051869,186.17518565395665,0.0,1229.1390000000001,14.514704435230483,0.0,851.7509432536451
2,1,8,0.1111111111111111,174.91978002347628,96.20982932411393,20.574736357694512,174.3609313621434,95.90244993958903,211.81341352937304,75.91749770631547,0.1271984577825151,-0.010699705676095671,0.0,0.0,0.0,20.957201177295616,25.0,25.0,0.0,0.0,52.74736002877066,0.0,40.0,0.0,0.0,40.0,3.9572011772956173,0.0,0.08559764540876813,-26.13073713400499,0.0,2009.8469367794892,822.9894543077805,489.5096765418515,-6.49835904898616,1229.1390000000001,25.43969155650302,0.0,2074.265735121604
2,1,9,0.1111111111111111,174.91978002347628,96.20982932411393,20.574736357694512,174.3609313621434,95.90244993958903,226.47735370400142,67.85199944630928,0.12187607371954075,-0.020886467410460154,0.0,20.70206797220196,0.0,0.0,25.0,25.0,0.0,0.0,47.61573587215842,0.0,40.0,0.0,0.0,40.0,4.122067972201963,0.0,0.17586405559607954,-25.75297497657967,1991.7424262617558,0.0,822.9894543077805,469.0270500500057,-11.932727802930893,1229.1390000000001,24.37521474390815,0.0,2042.1774436785645
2,1,10,0.1111111111111111,174.91978002347628,96.20982932411393,20.574736357694512,174.3609313621434,95.90244993958903,230.36039468111963,65.71623921600862,0.4698008870333951,0.029893365405155303,0.0,20.499365993179467,0.0,0.0,25.0,25.0,0.0,0.0,27.834645891804936,0.0,40.0,0.0,0.0,40.0,4.500634006820529,0.0,3.552713678800501e-15,-39.29140147451527,1972.2405034563417,0.0,822.9894543077805,1807.978526312011,-2.334709819820397e-13,1229.1390000000001,93.96017740667902,0.0,3280.1093066694543
2,1,11,0.1111111111111111,174.91978002347628,96.20982932411393,20.574736357694512,174.3609313621434,95.90244993958903,226.69854040668415,67.7303417646508,0.1381876671528492,0.009607296793788068,0.0,20.487055383331768,0.0,0.0,25.0,25.0,0.0,0.0,22.016217801158653,0.0,40.0,0.0,0.0,40.0,4.512944616668233,0.0,0.0,-26.014562069445738,1971.056101784019,0.0,822.9894543077805,531.8004748589234,0.0,1229.1390000000001,27.63753343056984,0.0,2069.0694975201527
2,1,12,0.1111111111111111,65.5949175088036,36.07621705204149,7.715526134135441,65.38534926080376,35.960957670839534,87.06047644946418,24.270482813825133,0.1038729501778176,0.011774490397312083,290.94999999999993,0.0,96.24792689004295,0.0,25.0,25.0,36.247926890042876,0.0,48.00241603007408,0.0,0.0,36.247926890042876,0.0,36.247926890042876,380.3766196648694,4.426619664869406,0.0,387.85936745101367,-19084.841249186404,-6293.2043153337645,279.6718272283566,135.83341859205692,385.3836170840979,1229.139,162.4137389307214,0.0,-26739.476674714573
2,1,13,0.1111111111111111,65.5949175088036,36.07621705204149,7.715526134135441,65.38534926080376,35.960957670839534,79.54423614538798,28.404301818761947,0.21982397403143705,-0.011691850467093538,326.6518963991772,0.0,7.92425764538018,0.0,25.0,25.0,0.0,0.0,48.00241603007408,0.0,0.0,0.0,0.0,0.0,359.5761540445574,5.684341886080802e-14,0.0,334.5761540445574,-21426.70419839829,-518.1303537757775,0.0,0.0,4.521566333175314e-12,1229.1390000000001,0.0,0.0,-23173.97355217407
2,1,14,0.1111111111111111,116.61318668231752,64.13330236407266,13.716490905129673,116.2406209080956,63.928403809042415,151.40944660735437,44.996538140394705,0.07045236062179329,0.003522382223047924,0.0,1.9073109606949057,0.0,0.0,21.666666666666664,21.90150786873931,0.0,0.0,45.03600084599857,3.3333333333333335,40.0,0.0,1.5319999999999947,44.86533333333333,19.75935570597176,1.7763568394002505e-15,0.0,-5.068179604111867,122.3221505445563,0.0,615.3949366222778,202.71694444137626,2.68957206030781e-13,1068.5131679154458,14.090472124358657,16.18995247088804,-158.35956090248249
2,1,15,0.1111111111111111,116.61318668231752,64.13330236407266,13.716490905129673,116.2406209080956,63.928403809042415,167.77086426439044,35.99831267759049,0.02069981698317156,0.0025512099174071624,0.0,17.412652633533526,0.0,0.03327343938085647,21.666666666666664,21.73566605661057,0.0,0.0,44.16442960460188,3.3333333333333357,40.0,0.0,0.0,43.333333333333336,4.220740593752284,0.0,0.0,-18.342918142185148,1116.7309163069717,2.1271178688550867,594.3812725556191,57.52706359671736,0.0,1059.915928374692,4.139963396634312,0.0,706.7104785568372
2,1,16,0.1111111111111111,174.91978002347628,96.20982932411393,20.574736357694512,174.3609313621434,95.90244993958903,228.12373714976331,66.94645136994228,0.009680743912515154,-0.006697710465179434,0.0,20.973209158139284,0.0,0.0,25.0,25.0,0.0,0.0,43.75681933460124,0.0,40.0,0.0,0.0,40.0,3.9732091581392823,0.0,0.05358168372143268,-21.414020598361322,2017.8288734835237,0.0,822.9894543077805,37.25530878214151,-3.587103583576521,1229.1390000000001,1.9361487825030308,0.0,1650.585591374519
2,1,17,0.1111111111111111,174.91978002347628,96.20982932411393,20.574736357694512,174.3609313621434,95.90244993958903,209.6310704712571,77.11783567335281,0.1613028038455217,0.017011654250753325,0.0,0.0,0.0,21.176036180017167,25.0,25.0,0.0,0.0,36.96512233057927,0.0,40.0,0.0,0.0,40.0,3.823963819982832,0.0,0.0,-27.628148333838034,0.0,2030.8337496730226,822.9894543077805,620.7566090991468,0.0,1229.139,32.260560769104345,0.0,2213.180252310846
2,1,18,0.1111111111111111,65.5949175088036,36.07621705204149,7.715526134135441,65.38534926080376,35.960957670839534,84.40734339710545,25.729666047830925,0.09151031643650341,-0.004159327005877231,19.347105550497943,0.0,100.0,0.0,25.0,25.0,0.0,0.0,33.11205637535807,0.0,40.0,0.0,0.0,40.0,144.3471055504981,1.5631940186722204e-13,0.0,115.68669289303796,-1269.0717926190289,-6538.534926080376,308.6210453654177,132.0538415305719,1.3194505433036737e-11,1229.1390000000001,18.302063287300683,0.0,-8614.372895090732
2,1,19,0.1111111111111111,65.5949175088036,36.07621705204149,7.715526134135441,65.38534926080376,35.960957670839534,88.48990368552337,23.484319355028944,0.11441866236150325,2.352032104169885e-05,87.13999999999967,0.0,100.0,0.0,25.0,25.0,0.0,0.0,28.294428486452674,0.0,40.0,0.0,20.889999999999972,60.88999999999997,212.14498960090586,0.004989600906185387,0.0,180.17803724971392,-5715.941111717125,-6538.534926080376,469.7983863075068,251.34128521283085,0.44152930361754505,1229.1390000000004,22.88373247230065,358.53087850976993,-13144.331506562852
2,1,20,0.1111111111111111,116.61318668231752,64.13330236407266,13.716490905129673,116.2406209080956,63.928403809042415,147.74604769800126,47.01128344165987,0.044510571273737,-0.01180547077567681,0.0,0.0,0.0,12.41313994355052,25.0,25.0,0.0,0.0,26.420299169663746,0.0,40.0,0.0,0.944000000000006,40.944,12.293139943550713,0.0,0.2937201128987663,-14.529300886681174,0.0,793.5522228494516,561.6080036196294,116.87914880589328,-13.80815948000024,1229.139,8.9021142547474,6.302696892361198,241.503723607866
2,1,21,0.1111111111111111,116.61318668231752,64.13330236407266,13.716490905129673,116.2406209080956,63.928403809042415,140.14957801935682,51.189084431930624,0.07654586867002952,0.005440817686676822,0.0,18.78148645352364,0.0,0.08000033179719424,21.666666666666664,21.92181956223343,0.0,0.0,23.197315225662503,3.3333333333333335,40.0,0.0,0.0,43.333333333333336,2.8051798813458286,0.0,0.0,-22.17847442768878,1204.5187495705663,5.114293515988409,594.3812725556191,212.72937140587598,0.0,1069.566126106181,15.309173734005906,0.0,931.8683872078633
2,1,22,0.1111111111111111,65.5949175088036,36.07621705204149,7.715526134135441,65.38534926080376,35.960957670839534,90.5013979859488,22.378027774262005,0.26189192460424826,-0.02280434642665433,21.16892586150115,0.0,100.0,0.0,25.0,25.0,0.0,0.0,23.197315225662503,0.0,0.0,0.0,0.0,0.0,146.16892586150104,0.0,1.1368683772161603e-13,121.16892586150104,-1388.5739456351473,-6538.534926080376,0.0,0.0,-2.544087212102341e-12,1229.1390000000001,0.0,0.0,-9156.24787171552
2,1,23,0.1111111111111111,65.5949175088036,36.07621705204149,7.715526134135441,65.38534926080376,35.960957670839534,76.37040352473883,30.14986197582779,0.0759362366094844,-0.028207455338299978,84.83082181620208,0.0,99.45442060214131,0.0,25.0,25.0,0.0,0.0,19.99999999999998,0.0,40.000000000000306,0.0,0.0,40.000000000000306,209.28524241834353,1.4210854715202004e-13,0.0,181.24779295396414,-5564.470759237793,-6502.862026601887,308.62104536542,109.57968616155837,1.0852887090314146e-11,1229.1390000000001,15.187247321896995,0.0,-12893.458301634611
2,2,0,0.1111111111111111,116.61318668231752,64.13330236407266,13.716490905129673,116.2406209080956,63.928403809042415,149.0273515239107,46.30660974201082,0.023798241553940457,0.0,0.0,0.0,0.0,0.0,20.0,20.0,17.49743554245601,0.0,33.66482187587371,0.0,0.0,17.49743554245601,0.0,17.49743554245601,2.5,0.0,0.0025644575439898176,-0.41897265515786114,0.0,0.0,240.00341548119056,26.705632844448928,-0.11875133468949203,1057.339,85.40513672421069,0.0,-875.9163370638817
2,2,1,0.1111111111111111,116.61318668231752,64.13330236407266,13.716490905129673,116.2406209080956,63.928403809042415,144.34874621066012,48.879684174958776,0.04113530939992708,0.0,0.0,0.0,0.0,0.0,25.0,25.0,22.449176873125705,0.0,50.8854003052145,0.0,0.0,22.449176873125708,0.0,22.449176873125708,2.53,0.0,0.02082312687429555,-0.9442769633240091,0.0,0.0,307.9239304078762,59.22414411229238,-1.017827865150663,1229.1390000000001,107.62861518337996,0.0,-968.6017127980608
2,2,2,0.1111111111111111,65.5949175088036,36.07621705204149,7.715526134135441,65.38534926080376,35.960957670839534,76.55329396814695,30.049274985498098,0.1759350912226555,0.0,261.73000000000013,0.0,89.04887422742559,0.0,25.0,25.0,0.0,0.0,50.8854003052145,0.0,0.0,0.0,0.0,0.0,386.73,10.9511257725743,0.0,361.73,-17168.157759579175,-5822.491742641609,0.0,0.0,838.3447505500308,1229.1390000000001,0.0,0.0,-25058.13325277081
2,2,3,0.1111111111111111,65.5949175088036,36.07621705204149,7.715526134135441,65.38534926080376,35.960957670839534,88.19692568995237,23.645452841602395,0.024289830947781057,0.0,145.77819646363184,0.0,100.0,0.0,25.0,25.0,23.198196463631877,0.0,68.99317325980398,0.0,0.0,23.198196463631866,24.479,47.677196463631866,247.57999999999996,0.0,0.0,244.62012542146607,-9562.308771614096,-6538.534926080376,367.8546553174615,41.778822278855955,0.0,1229.1390000000001,113.17358096618423,89.18861576560987,-17122.711416829945
2,2,4,0.1111111111111111,87.45989001173814,48.10491466205696,10.287368178847256,87.1804656810717,47.95122496979452,110.66220842744428,35.343115542487794,0.0073660607597011854,0.0,0.0,0.0,9.327850164101136,0.0,25.0,25.0,0.0,0.0,68.68302333307972,0.0,40.0,0.0,3.265,43.265,35.65,1.3221498358988626,0.0,10.331307381231527,0.0,-813.2063211095981,445.0829842578265,15.330681229284789,146.3120207125512,1229.1390000000001,1.4732121519402372,3.607528257063656,-1733.324416744042
2,2,5,0.1111111111111111,87.45989001173814,48.10491466205696,10.287368178847256,87.1804656810717,47.95122496979452,102.18930441272974,40.00340409890994,0.009270733329941836,0.0,40.77391269506979,0.0,0.5801313970920603,0.0,25.0,25.0,0.0,0.0,68.29267666655585,0.0,40.0,0.0,6.53,46.53,68.53999999999999,2.1859559078381423,0.0,43.1086327781578,-3566.0819196590173,-50.576125354696536,478.67124136176284,20.750883394727317,223.3813136988769,1229.1390000000001,1.8541466659883672,9.080683296678028,-4580.691063918767
2,2,6,0.1111111111111111,116.61318668231752,64.13330236407266,13.716490905129673,116.2406209080956,63.928403809042415,149.99751262564064,45.77305400059533,0.019903099388702557,0.0,0.0,4.409955102560752,0.0,0.0,21.666666666666664,21.733010331295674,0.0,0.0,67.45465142913679,3.3333333333333335,40.0,0.0,1.3060000000000012,44.63933333333334,16.56000000000001,0.0,0.696711564105903,-5.995127754645411,282.8249840045138,0.0,612.2950096777186,56.979943594054554,-31.89061604665873,1059.7782555743677,3.9806198777405113,3.8990171702468346,-83.66733929940939
2,2,7,0.1111111111111111,116.61318668231752,64.13330236407266,13.716490905129673,116.2406209080956,63.928403809042415,141.09885233823957,50.66701571353423,0.11011678203163104,0.0,0.0,21.214716468302754,0.0,0.0,25.0,25.0,0.0,0.0,62.81815534359443,0.0,40.0,0.0,0.0,40.0,3.76,0.0,0.025283531697247952,-25.644671281265243,1360.5698258297323,0.0,548.6596362051869,282.48611509573107,-1.2810410977981026,1229.1390000000004,22.023356406326208,0.0,941.8342618221218
2,2,8,0.1111111111111111,174.91978002347628,96.20982932411393,20.574736357694512,174.3609313621434,95.90244993958903,198.5422070186226,83.21696099830567,0.06235209021214857,0.0,0.0,0.0,0.0,20.957201177295616,25.0,25.0,0.0,0.0,60.19280417676712,0.0,40.0,0.0,0.0,40.0,4.0,0.0,0.042798822704384065,-23.494083608485944,0.0,2009.8469367794892,822.9894543077805,239.95535829250272,-3.5615879597641276,1229.1390000000001,12.470418042429714,0.0,1834.7439192971065
2,2,9,0.1111111111111111,174.91978002347628,96.20982932411393,20.574736357694512,174.3609313621434,95.90244993958903,208.91981557404068,77.5090419294889,0.03169645778832534,0.0,0.0,20.70206797220196,0.0,0.0,25.0,25.0,0.0,0.0,58.85821648041658,0.0,40.0,0.0,0.0,40.0,4.21,0.0,0.08793202779803977,-22.057858311533014,1991.7424262617558,0.0,822.9894543077805,121.9804317597505,-6.815527229543248,1229.1390000000001,6.339291557665067,0.0,1708.0495480011646
2,2,10,0.1111111111111111,174.91978002347628,96.20982932411393,20.574736357694512,174.3609313621434,95.90244993958903,220.16506847429335,71.32389887651568,0.02077847117746802,0.0,0.0,20.499365993179467,0.0,0.0,25.0,25.0,0.0,0.0,57.98333348347056,0.0,40.0,0.0,0.0,40.0,4.37,0.0,0.13063400682053228,-21.46113884709872,1972.2405034563417,0.0,822.9894543077805,79.96372662400874,-9.317326692301705,1229.1390000000001,4.155694235493604,0.0,1651.2163168449392
2,2,11,0.1111111111111111,174.91978002347628,96.20982932411393,20.574736357694512,174.3609313621434,95.90244993958903,225.50927642375171,68.38446381307715,0.05302880137743166,0.0,0.0,20.487055383331768,0.0,0.0,25.0,25.0,0.0,0.0,55.75054184652607,0.0,40.0,0.0,0.0,40.0,4.47,0.0,0.04294461666823324,-22.651152055097267,1971.056101784019,0.0,822.9894543077805,204.0756771914015,-2.9367445845152655,1229.1390000000001,10.605760275486332,0.0,1761.3132175922296
2,2,12,0.1111111111111111,65.5949175088036,36.07621705204149,7.715526134135441,65.38534926080376,35.960957670839534,82.07039934334722,27.014950093055074,0.051128911921576654,0.0,290.94999999999993,0.0,96.24792689004295,0.0,25.0,25.0,36.247926890042876,0.0,83.26622970951976,0.0,0.0,36.247926890042876,0.0,36.247926890042876,375.94999999999993,0.0,5.684341886080802e-14,385.3446098287421,-19084.841249186404,-6293.2043153337645,279.6718272283566,66.86066856973763,-1.535622123643354e-12,1229.1390000000001,171.97304914371063,0.0,-26432.625117865784
2,2,13,0.1111111111111111,65.5949175088036,36.07621705204149,7.715526134135441,65.38534926080376,35.960957670839534,81.48592461174225,27.336402395758014,0.03699878519112234,0.0,326.6518963991772,0.0,7.92425764538018,0.0,25.0,25.0,0.0,0.0,83.26622970951976,0.0,0.0,0.0,0.0,0.0,363.83000000000004,4.253845955442671,0.0,338.83000000000004,-21426.70419839829,-518.1303537757775,0.0,0.0,346.62857083516616,1229.1390000000001,0.0,0.0,-23520.602123009234
2,2,14,0.1111111111111111,116.61318668231752,64.13330236407266,13.716490905129673,116.2406209080956,63.928403809042415,148.7038460344106,46.484526802377836,0.04774256355984863,0.0,0.0,1.9073109606949057,0.0,0.0,21.666666666666664,21.825808545199493,0.0,0.0,81.25601650699983,3.3333333333333335,40.0,0.0,1.5319999999999947,44.86533333333333,19.689999999999948,0.0,0.06935570597181062,-4.118652694967178,122.3221505445563,0.0,615.3949366222778,137.37263761261264,-3.2239671731444672,1064.5889149831419,9.548512711969725,10.971241106053178,-206.7949768485736
2,2,15,0.1111111111111111,116.61318668231752,64.13330236407266,13.716490905129673,116.2406209080956,63.928403809042415,142.77432839643603,49.74556063884521,0.031547085669121094,0.0,0.0,17.412652633533526,0.0,0.03327343938085647,21.666666666666664,21.771823618897066,0.0,0.0,79.92771816303683,3.3333333333333357,40.0,0.0,0.0,43.333333333333336,4.21,0.0,0.010740593752281313,-18.823707045661912,1116.7309163069717,2.1271178688550867,594.3812725556191,87.6728139699987,-0.5342968578013121,1061.790336403624,6.309417133824219,0.0,733.3466640217979
2,2,16,0.1111111111111111,174.91978002347628,96.20982932411393,20.574736357694512,174.3609313621434,95.90244993958903,234.4282996334222,63.47879962447,0.24582113725333885,0.0,0.0,20.973209158139284,0.0,0.0,25.0,25.0,0.0,0.0,69.57735448921204,0.0,40.0,0.0,0.0,40.0,4.0,0.0,0.02679084186071634,-30.832845490133554,2017.8288734835237,0.0,822.9894543077805,946.0163863761325,-1.7006504822472757,1229.1390000000001,49.16422745066777,0.0,2510.232137199016
2,2,17,0.1111111111111111,174.91978002347628,96.20982932411393,20.574736357694512,174.3609313621434,95.90244993958903,218.6319084650886,72.16717150578808,0.008744925088581134,0.0,0.0,0.0,0.0,21.176036180017167,25.0,25.0,0.0,0.0,69.20914711706126,0.0,40.0,0.0,0.0,40.0,3.76,0.0,0.06396381998283474,-21.589797003543246,0.0,2030.8337496730226,822.9894543077805,33.65391000898211,-4.616087966866589,1229.1390000000001,1.748985017716227,0.0,1661.2052169389353
2,2,18,0.1111111111111111,65.5949175088036,36.07621705204149,7.715526134135441,65.38534926080376,35.960957670839534,82.7171937616698,26.659222900924323,0.06405728232911327,0.0,19.347105550497943,0.0,100.0,0.0,25.0,25.0,0.0,0.0,66.5119983874144,0.0,40.0,0.0,0.0,40.0,144.95,0.6028944495020454,0.0,117.38770870683545,-1269.0717926190289,-6538.534926080376,308.6210453654177,92.43777684275969,49.86973699729594,1229.1390000000001,12.811456465822655,0.0,-8698.368089954347
2,2,19,0.1111111111111111,65.5949175088036,36.07621705204149,7.715526134135441,65.38534926080376,35.960957670839534,84.03346696784226,25.93529245495203,0.02580329443513401,0.0,87.13999999999967,0.0,100.0,0.0,25.0,25.0,0.0,0.0,65.42554388488243,0.0,40.0,0.0,20.889999999999972,60.88999999999997,212.14000000000007,3.979039320256561e-13,0.0,185.56883740184477,-5715.941111717125,-6538.534926080376,469.7983863075068,56.68160291510038,3.343724692825252e-11,1229.1390000000001,5.160658887026802,80.8546231124923,-13043.150330574448
2,2,20,0.1111111111111111,116.61318668231752,64.13330236407266,13.716490905129673,116.2406209080956,63.928403809042415,136.9090552731237,52.97126216855307,0.10223149345901586,0.0,0.0,0.0,0.0,12.41313994355052,25.0,25.0,0.0,0.0,61.12105994976597,0.0,40.0,0.0,0.944000000000006,40.944,12.440000000000135,0.0,0.14686005644934497,-16.74576626818581,0.0,793.5522228494516,561.6080036196294,268.4470137029053,-7.779362552266755,1229.1390000000001,20.44629869180317,14.475979473796738,367.32532455865294
2,2,21,0.1111111111111111,116.61318668231752,64.13330236407266,13.716490905129673,116.2406209080956,63.928403809042415,139.1421093771681,51.74315805679288,0.04813173239640436,0.0,0.0,18.78148645352364,0.0,0.08000033179719424,21.666666666666664,21.82710577465468,0.0,0.0,59.094460690969996,3.3333333333333335,40.0,0.0,0.0,43.333333333333336,2.79,0.0,0.015179881345829926,-20.962375070510856,1204.5187495705663,5.114293515988409,594.3812725556191,133.76336770702676,-0.7854549997606397,1064.6561633580986,9.626346479280873,0.0,864.2806285115818
2,2,22,0.1111111111111111,65.5949175088036,36.07621705204149,7.715526134135441,65.38534926080376,35.960957670839534,90.39327917249084,22.437491493858793,0.0778546629025153,0.0,21.16892586150115,0.0,100.0,0.0,25.0,25.0,0.0,0.0,59.094460690969996,0.0,0.0,0.0,0.0,0.0,149.57999999999998,3.411074138498833,0.0,124.57999999999998,-1388.5739456351473,-6538.534926080376,0.0,0.0,308.3381768793887,1229.1390000000001,0.0,0.0,-9464.586048594912
2,2,23,0.1111111111111111,65.5949175088036,36.07621705204149,7.715526134135441,65.38534926080376,35.960957670839534,82.93111163326874,26.541571292229513,0.08888146514605978,0.0,84.83082181620208,0.0,99.45442060214131,0.0,25.0,25.0,0.0,0.0,55.35208321113587,0.0,40.000000000000306,0.0,0.0,40.000000000000306,215.3599999999998,6.0747575816563995,0.0,186.80474139415736,-5564.470759237793,-6502.862026601887,308.62104536542,128.2602811405095,503.78639914939254,1229.1390000000001,17.77629302921209,0.0,-13381.153151512357
